SNO,Date,Time,ADC,Humidity_pct,Temp_C,Voltage_V,phase
1,08-10-2025,12:47:03:132532,1759,64.89,30.34,2.68,ac on and door open
2,08-10-2025,12:47:09:196536,1630,65.09,29.83,2.67,
3,08-10-2025,12:47:13:231536,1418,65.32,29.41,2.68,
4,08-10-2025,12:47:17:607536,1248,65.7,29.07,2.66,
5,08-10-2025,12:47:21:420536,1102,65.82,28.79,2.64,
6,08-10-2025,12:47:25:216536,993,65.82,28.54,2.65,
7,08-10-2025,12:47:29:002536,901,65.91,28.32,2.65,
8,08-10-2025,12:47:32:886536,814,66.11,28.12,2.65,
9,08-10-2025,12:47:37:392536,767,66.37,27.94,2.66,
10,08-10-2025,12:47:41:489536,717,66.52,27.77,2.66,
11,08-10-2025,12:47:46:409536,686,66.99,27.61,2.65,
12,08-10-2025,12:47:50:298536,649,67.28,27.47,2.69,
13,08-10-2025,12:47:56:271536,637,67.44,27.32,2.66,
14,08-10-2025,12:48:01:154536,614,67.56,27.17,2.65,
15,08-10-2025,12:48:05:654536,589,67.61,27.02,2.66,
16,08-10-2025,12:48:09:556536,559,67.72,26.89,2.66,
17,08-10-2025,12:48:14:468536,549,68.03,26.75,2.66,
18,08-10-2025,12:48:19:428536,531,68.05,26.62,2.65,
19,08-10-2025,12:48:23:883536,520,68.3,26.5,2.66,
20,08-10-2025,12:48:29:002536,508,68.61,26.37,2.66,
21,08-10-2025,12:48:32:484536,486,68.58,26.26,2.66,
22,08-10-2025,12:48:37:407536,478,68.73,26.14,2.64,
23,08-10-2025,12:48:41:496536,463,68.95,26.03,2.69,
24,08-10-2025,12:48:45:186536,445,68.95,25.93,2.66,
25,08-10-2025,12:48:49:487536,436,69,25.84,2.67,
26,08-10-2025,12:48:54:603536,425,69.05,25.73,2.66,
27,08-10-2025,12:48:58:292536,413,68.9,25.63,2.66,
28,08-10-2025,12:49:02:801536,407,68.83,25.53,2.66,
29,08-10-2025,12:49:06:487536,395,68.97,25.43,2.66,
30,08-10-2025,12:49:11:620536,394,69.29,25.32,2.67,
31,08-10-2025,12:49:16:989536,396,69.5,25.22,2.66,
32,08-10-2025,12:49:21:472536,389,69.63,25.12,2.66,
33,08-10-2025,12:49:25:566536,380,69.67,25.03,2.66,
34,08-10-2025,12:49:29:627536,372,69.79,24.94,2.68,
35,08-10-2025,12:49:33:972536,367,69.85,24.86,2.66,
36,08-10-2025,12:49:38:024536,360,69.91,24.78,2.67,
37,08-10-2025,12:49:42:540536,357,69.94,24.7,2.68,
38,08-10-2025,12:49:46:418536,350,69.97,24.62,2.66,
39,08-10-2025,12:49:50:594536,345,70.02,24.56,2.68,
40,08-10-2025,12:49:54:612545,340,70.16,24.5,2.66,
41,08-10-2025,12:49:59:597535,342,70.24,24.43,2.68,
42,08-10-2025,12:50:05:037523,346,70.21,24.36,2.68,
43,08-10-2025,12:50:11:411535,355,70.45,24.28,2.66,
44,08-10-2025,12:50:16:128536,350,70.33,24.21,2.66,
45,08-10-2025,12:50:20:864536,347,70.34,24.14,2.66,
46,08-10-2025,12:50:24:793536,338,70.24,24.08,2.66,
47,08-10-2025,12:50:29:253536,333,70.32,24.03,2.64,
48,08-10-2025,12:50:33:796536,331,70.57,23.97,2.67,
49,08-10-2025,12:50:38:271536,328,70.58,23.93,2.66,
50,08-10-2025,12:50:42:974535,326,70.61,23.88,2.66,
51,08-10-2025,12:50:47:272536,322,70.26,23.83,2.66,
52,08-10-2025,12:50:51:373536,316,70.1,23.78,2.66,
53,08-10-2025,12:50:54:831536,306,70.01,23.74,2.65,
54,08-10-2025,12:51:01:542576,317,70.35,23.68,2.66,
55,08-10-2025,12:51:05:070536,308,70.2,23.63,2.67,
56,08-10-2025,12:51:09:573536,306,70.23,23.58,2.65,
57,08-10-2025,12:51:13:668535,302,70.28,23.54,2.67,
58,08-10-2025,12:51:18:991536,306,70.29,23.49,2.66,
59,08-10-2025,12:51:23:087536,301,70.21,23.45,2.67,
60,08-10-2025,12:51:29:031536,310,70.41,23.41,2.67,
61,08-10-2025,12:51:33:638536,307,70.29,23.38,2.67,
62,08-10-2025,12:51:39:062535,307,70.22,23.33,2.67,
63,08-10-2025,12:51:42:554536,299,70.14,23.3,2.66,
64,08-10-2025,12:51:47:873536,300,70.18,23.26,2.66,
65,08-10-2025,12:51:51:790535,294,69.93,23.23,2.66,
66,08-10-2025,12:51:55:666536,289,69.95,23.2,2.66,
67,08-10-2025,12:51:59:771536,286,70.08,23.17,2.66,
68,08-10-2025,12:52:05:899534,294,70.37,23.14,2.66,
69,08-10-2025,12:52:12:243535,303,70.32,23.12,2.68,ac on and door open ends
70,08-10-2025,12:52:16:363536,297,70.04,23.09,2.68,ac on and door close
71,08-10-2025,12:52:22:293536,302,69.97,23.07,2.66,
72,08-10-2025,12:52:35:599536,343,69.83,23.02,2.67,
73,08-10-2025,12:52:40:100536,331,69.16,22.96,2.67,
74,08-10-2025,12:52:49:790529,344,68.37,22.86,2.65,
75,08-10-2025,12:52:56:007535,339,68.21,22.75,2.71,
76,08-10-2025,12:53:05:511529,351,68.22,22.6,2.68,
77,08-10-2025,12:53:09:602536,330,67.99,22.49,2.66,
78,08-10-2025,12:53:15:408536,324,68.16,22.38,2.66,
79,08-10-2025,12:53:20:039536,312,68.24,22.28,2.66,
80,08-10-2025,12:53:23:925535,299,68.02,22.2,2.67,
81,08-10-2025,12:53:30:144536,298,67.8,22.11,2.66,
82,08-10-2025,12:53:38:263536,307,67.58,21.99,2.68,
83,08-10-2025,12:53:41:952536,290,67.14,21.89,2.65,
84,08-10-2025,12:53:45:638536,276,66.9,21.79,2.67,
85,08-10-2025,12:53:52:215529,279,66.97,21.68,2.65,
86,08-10-2025,12:53:56:909539,273,67.02,21.56,2.66,
87,08-10-2025,12:54:03:049536,275,67.08,21.46,2.67,
88,08-10-2025,12:54:10:619536,283,67.06,21.34,2.67,
89,08-10-2025,12:54:14:105536,268,66.94,21.25,2.66,
90,08-10-2025,12:54:17:992536,258,66.83,21.17,2.66,
91,08-10-2025,12:54:24:144536,260,66.98,21.1,2.67,
92,08-10-2025,12:54:30:959529,265,66.54,21.01,2.67,
93,08-10-2025,12:54:36:022535,260,66.11,20.92,2.66,
94,08-10-2025,12:54:42:397536,261,65.97,20.83,2.67,
95,08-10-2025,12:54:48:516536,263,65.8,20.72,2.67,
96,08-10-2025,12:54:53:636536,256,65.67,20.62,2.68,
97,08-10-2025,12:54:57:973536,249,65.66,20.53,2.68,
98,08-10-2025,12:55:01:826536,239,65.49,20.45,2.66,
99,08-10-2025,12:55:05:722536,233,65.4,20.38,2.66,
100,08-10-2025,12:55:09:604535,226,65.41,20.31,2.67,
101,08-10-2025,12:55:12:740536,218,65.27,20.26,2.66,
102,08-10-2025,12:55:23:944536,242,65.34,20.18,2.66,
103,08-10-2025,12:55:28:041536,234,64.87,20.1,2.67,
104,08-10-2025,12:55:32:340535,227,64.48,20.01,2.66,
105,08-10-2025,12:55:36:849536,222,64.45,19.92,2.66,
106,08-10-2025,12:55:41:020536,218,64.38,19.84,2.65,
107,08-10-2025,12:55:45:240536,213,64.36,19.77,2.65,
108,08-10-2025,12:55:50:042535,208,64.42,19.71,2.65,
109,08-10-2025,12:55:54:461535,206,64.3,19.65,2.66,
110,08-10-2025,12:55:58:598536,202,64.34,19.6,2.67,
111,08-10-2025,12:56:02:653536,199,64.2,19.56,2.66,
112,08-10-2025,12:56:06:744536,196,64.11,19.52,2.67,
113,08-10-2025,12:56:10:636536,192,63.87,19.48,2.66,
114,08-10-2025,12:56:15:147536,191,63.77,19.45,2.68,
115,08-10-2025,12:56:19:243536,189,63.55,19.41,2.66,
116,08-10-2025,12:56:24:212536,190,63.28,19.35,2.65,
117,08-10-2025,12:56:29:272536,191,63.17,19.3,2.67,
118,08-10-2025,12:56:33:401535,187,63.02,19.26,2.66,
119,08-10-2025,12:56:37:478536,185,62.84,19.21,2.68,
120,08-10-2025,12:56:41:363536,181,62.62,19.17,2.68,
121,08-10-2025,12:56:45:873536,181,62.4,19.12,2.66,
122,08-10-2025,12:56:50:010536,178,62.16,19.08,2.66,
123,08-10-2025,12:56:53:850536,176,61.95,19.02,2.65,
124,08-10-2025,12:56:58:158535,175,61.77,18.97,2.66,
125,08-10-2025,12:57:02:542536,175,61.79,18.92,2.67,
126,08-10-2025,12:57:07:415535,175,61.96,18.88,2.66,
127,08-10-2025,12:57:11:681605,175,61.89,18.85,2.67,
128,08-10-2025,12:57:16:003536,173,61.69,18.81,2.66,
129,08-10-2025,12:57:21:299536,175,61.46,18.77,2.64,
130,08-10-2025,12:57:25:800535,175,61.3,18.73,2.67,
131,08-10-2025,12:57:30:312536,174,61.12,18.68,2.65,
132,08-10-2025,12:57:34:227536,170,60.95,18.64,2.66,
133,08-10-2025,12:57:38:927536,171,60.82,18.59,2.66,
134,08-10-2025,12:57:42:740536,168,60.74,18.55,2.66,
135,08-10-2025,12:57:46:497536,165,60.56,18.51,2.67,
136,08-10-2025,12:57:50:616536,163,60.48,18.47,2.65,
137,08-10-2025,12:57:54:752536,162,60.51,18.44,2.66,
138,08-10-2025,12:57:58:784536,160,60.38,18.41,2.66,
139,08-10-2025,12:58:02:545535,159,60.23,18.38,2.66,
140,08-10-2025,12:58:10:037536,167,60.16,18.33,2.67,
141,08-10-2025,12:58:14:139536,166,60.13,18.3,2.66,
142,08-10-2025,12:58:21:928536,173,59.78,18.23,2.67,
143,08-10-2025,12:58:25:610535,168,59.53,18.17,2.66,
144,08-10-2025,12:58:29:543536,165,59.53,18.13,2.67,
145,08-10-2025,12:58:33:822536,164,59.64,18.1,2.69,
146,08-10-2025,12:58:37:306536,160,59.7,18.09,2.66,
147,08-10-2025,12:58:42:022536,160,59.64,18.08,2.67,
148,08-10-2025,12:58:46:499536,160,59.49,18.07,2.66,
149,08-10-2025,12:58:50:829536,158,59.18,18.05,2.68,
150,08-10-2025,12:58:55:748536,159,58.92,18.02,2.66,
151,08-10-2025,12:59:00:445536,158,58.71,17.98,2.66,
152,08-10-2025,12:59:05:342536,158,58.57,17.94,2.65,
153,08-10-2025,12:59:10:047536,158,58.51,17.91,2.68,
154,08-10-2025,12:59:14:352536,157,58.46,17.88,2.66,
155,08-10-2025,12:59:27:867536,180,58.5,17.84,2.67,
156,08-10-2025,12:59:33:213536,178,58.17,17.8,2.65,
157,08-10-2025,12:59:38:321536,175,57.97,17.76,2.64,
158,08-10-2025,12:59:42:220536,169,57.79,17.74,2.66,
159,08-10-2025,12:59:46:095536,164,57.7,17.71,2.67,
160,08-10-2025,12:59:50:198536,161,57.61,17.7,2.67,
161,08-10-2025,12:59:54:148535,157,57.44,17.68,2.68,
162,08-10-2025,13:00:00:441536,162,57.34,17.65,2.66,
163,08-10-2025,13:00:05:022536,159,57.24,17.64,2.66,
164,08-10-2025,13:00:09:446536,158,57.07,17.62,2.66,
165,08-10-2025,13:00:12:933536,153,56.82,17.59,2.64,
166,08-10-2025,13:00:17:631536,152,56.7,17.55,2.67,
167,08-10-2025,13:00:21:522536,150,56.67,17.53,2.66,
168,08-10-2025,13:00:27:985529,155,56.7,17.5,2.66,
169,08-10-2025,13:00:31:770536,151,56.61,17.48,2.67,
170,08-10-2025,13:00:35:652536,148,56.44,17.45,2.66,
171,08-10-2025,13:00:40:161536,147,56.27,17.42,2.67,
172,08-10-2025,13:00:44:678536,147,56.25,17.39,2.68,
173,08-10-2025,13:00:49:421535,147,56.2,17.38,2.67,
174,08-10-2025,13:00:53:553535,146,56.12,17.36,2.67,
175,08-10-2025,13:00:57:569536,144,56.07,17.35,2.68,
176,08-10-2025,13:01:01:949536,144,55.97,17.33,2.66,
177,08-10-2025,13:01:05:759536,141,55.83,17.31,2.68,
178,08-10-2025,13:01:10:479536,142,55.64,17.28,2.66,
179,08-10-2025,13:01:15:394536,142,55.55,17.25,2.66,
180,08-10-2025,13:01:19:957535,142,55.47,17.21,2.66,
181,08-10-2025,13:01:27:274536,148,55.4,17.17,2.65,
182,08-10-2025,13:01:30:960535,144,55.3,17.13,2.66,
183,08-10-2025,13:01:35:254536,142,55.24,17.1,2.66,
184,08-10-2025,13:01:39:560536,143,55.23,17.07,2.67,
185,08-10-2025,13:01:44:557536,143,55.2,17.05,2.66,
186,08-10-2025,13:01:47:959536,139,55.15,17.04,2.65,
187,08-10-2025,13:01:51:850536,138,55,17.02,2.65,
188,08-10-2025,13:01:56:024536,136,54.97,17.01,2.66,
189,08-10-2025,13:02:00:048536,136,54.96,17,2.67,
190,08-10-2025,13:02:04:958536,137,54.83,16.97,2.67,
191,08-10-2025,13:02:16:219536,151,54.84,16.93,2.68,
192,08-10-2025,13:02:19:960536,147,54.78,16.9,2.66,
193,08-10-2025,13:02:28:358536,154,54.77,16.86,2.66,
194,08-10-2025,13:02:35:883536,159,54.67,16.84,2.67,
195,08-10-2025,13:02:39:988536,154,54.69,16.82,2.67,
196,08-10-2025,13:02:44:304535,151,54.58,16.81,2.66,
197,08-10-2025,13:02:49:744523,150,54.41,16.8,2.67,
198,08-10-2025,13:02:56:188529,152,54.17,16.77,2.65,
199,08-10-2025,13:03:02:558536,154,53.94,16.74,2.66,
200,08-10-2025,13:03:07:652536,152,53.81,16.7,2.65,
201,08-10-2025,13:03:13:154535,151,53.75,16.67,2.67,
202,08-10-2025,13:03:18:157536,149,53.79,16.64,2.66,
203,08-10-2025,13:03:23:029535,147,53.77,16.62,2.66,
204,08-10-2025,13:03:30:005529,151,53.75,16.6,2.66,
205,08-10-2025,13:03:35:101537,149,53.64,16.58,2.66,
206,08-10-2025,13:03:40:429535,148,53.4,16.54,2.67,
207,08-10-2025,13:03:45:715535,149,53.4,16.52,2.66,
208,08-10-2025,13:03:50:015535,146,53.31,16.49,2.67,
209,08-10-2025,13:03:54:529535,143,53.36,16.49,2.67,
210,08-10-2025,13:03:58:854535,140,53.44,16.49,2.68,
211,08-10-2025,13:04:03:124535,139,53.38,16.49,2.66,
212,08-10-2025,13:04:07:227535,137,53.24,16.48,2.68,
213,08-10-2025,13:04:11:316535,135,53.05,16.46,2.66,
214,08-10-2025,13:04:15:425535,133,52.86,16.43,2.66,
215,08-10-2025,13:04:19:713535,132,52.77,16.39,2.65,
216,08-10-2025,13:04:25:225535,134,52.77,16.35,2.66,
217,08-10-2025,13:04:29:347535,132,52.78,16.32,2.66,
218,08-10-2025,13:04:40:362533,146,52.96,16.28,2.67,
219,08-10-2025,13:04:44:704535,143,52.95,16.26,2.66,
220,08-10-2025,13:04:51:289529,146,52.97,16.24,2.66,
221,08-10-2025,13:04:55:797535,143,52.85,16.22,2.67,
222,08-10-2025,13:05:01:326544,143,52.76,16.21,2.67,
223,08-10-2025,13:05:05:386535,140,52.66,16.19,2.66,
224,08-10-2025,13:05:09:491535,137,52.65,16.18,2.67,
225,08-10-2025,13:05:14:817535,137,52.59,16.17,2.66,
226,08-10-2025,13:05:19:523535,137,52.54,16.16,2.67,
227,08-10-2025,13:05:26:312539,141,52.5,16.13,2.66,
228,08-10-2025,13:05:30:991535,139,52.35,16.11,2.67,
229,08-10-2025,13:05:36:522535,139,52.28,16.08,2.66,
230,08-10-2025,13:05:40:619535,136,52.23,16.06,2.66,
231,08-10-2025,13:05:44:518535,133,52.16,16.04,2.66,
232,08-10-2025,13:05:49:214536,133,52.14,16.02,2.66,
233,08-10-2025,13:05:55:569536,136,52.2,16,2.67,
234,08-10-2025,13:06:00:487535,136,52.19,15.98,2.66,
235,08-10-2025,13:06:04:428535,133,52.16,15.96,2.66,
236,08-10-2025,13:06:08:468536,131,52.08,15.95,2.66,
237,08-10-2025,13:06:13:596535,132,52.08,15.94,2.64,
238,08-10-2025,13:06:18:297535,132,52.03,15.94,2.66,
239,08-10-2025,13:06:22:431535,130,51.94,15.92,2.66,
240,08-10-2025,13:06:27:925535,131,51.82,15.91,2.66,
241,08-10-2025,13:06:31:815536,130,51.75,15.9,2.66,
242,08-10-2025,13:06:35:908535,128,51.7,15.89,2.67,
243,08-10-2025,13:06:40:220535,126,51.66,15.88,2.66,
244,08-10-2025,13:06:44:513535,126,51.54,15.86,2.65,
245,08-10-2025,13:06:49:432535,126,51.5,15.84,2.65,
246,08-10-2025,13:06:55:222536,130,51.53,15.82,2.67,
247,08-10-2025,13:07:00:322535,130,51.53,15.82,2.67,
248,08-10-2025,13:07:04:824535,129,51.44,15.8,2.66,
249,08-10-2025,13:07:09:292535,128,51.35,15.79,2.67,
250,08-10-2025,13:07:13:225536,126,51.32,15.79,2.66,
251,08-10-2025,13:07:17:499535,125,51.25,15.78,2.67,
252,08-10-2025,13:07:22:410535,125,51.25,15.78,2.66,
253,08-10-2025,13:07:26:503535,124,51.28,15.79,2.66,
254,08-10-2025,13:07:31:424535,125,51.28,15.79,2.67,
255,08-10-2025,13:07:36:123535,125,51.18,15.8,2.66,
256,08-10-2025,13:07:40:840535,126,51.09,15.8,2.66,
257,08-10-2025,13:07:46:228536,127,50.94,15.79,2.66,
258,08-10-2025,13:07:52:751529,130,50.83,15.77,2.66,
259,08-10-2025,13:07:57:020536,129,50.74,15.74,2.66,
260,08-10-2025,13:08:00:707536,126,50.74,15.71,2.66,
261,08-10-2025,13:08:04:594536,124,50.75,15.7,2.65,
262,08-10-2025,13:08:08:500536,123,50.78,15.69,2.67,
263,08-10-2025,13:08:12:629536,122,50.82,15.69,2.66,
264,08-10-2025,13:08:17:703536,123,50.89,15.7,2.65,
265,08-10-2025,13:08:22:818536,125,50.86,15.71,2.68,
266,08-10-2025,13:08:27:127536,124,50.76,15.72,2.67,
267,08-10-2025,13:08:30:813536,122,50.61,15.72,2.66,
268,08-10-2025,13:08:37:438683,125,50.37,15.71,2.66,
269,08-10-2025,13:08:41:687536,124,50.19,15.68,2.66,
270,08-10-2025,13:08:45:967536,123,50.05,15.66,2.67,
271,08-10-2025,13:08:49:661536,121,49.92,15.62,2.66,
272,08-10-2025,13:08:54:159536,121,49.8,15.58,2.65,
273,08-10-2025,13:09:07:069536,135,50.13,15.52,2.67,
274,08-10-2025,13:09:11:772536,134,50.22,15.48,2.66,
275,08-10-2025,13:09:16:068536,132,50.24,15.45,2.66,
276,08-10-2025,13:09:20:585540,130,50.17,15.42,2.66,
277,08-10-2025,13:09:25:901546,129,50.12,15.41,2.66,
278,08-10-2025,13:09:32:900529,133,50.04,15.38,2.66,
279,08-10-2025,13:09:39:658529,136,49.97,15.37,2.66,
280,08-10-2025,13:09:43:520536,132,49.92,15.36,2.67,
281,08-10-2025,13:09:54:623534,142,49.87,15.34,2.66,
282,08-10-2025,13:10:02:763536,146,49.84,15.32,2.67,
283,08-10-2025,13:10:08:706536,145,49.74,15.3,2.66,
284,08-10-2025,13:10:13:235536,142,49.66,15.29,2.66,
285,08-10-2025,13:10:17:099536,136,49.57,15.27,2.66,
286,08-10-2025,13:10:23:505536,138,49.53,15.25,2.66,
287,08-10-2025,13:10:27:764536,134,49.44,15.23,2.66,
288,08-10-2025,13:10:34:381529,136,49.42,15.22,2.66,
289,08-10-2025,13:10:38:201536,132,49.4,15.21,2.65,
290,08-10-2025,13:10:42:497535,129,49.35,15.21,2.67,
291,08-10-2025,13:10:48:881529,132,49.36,15.2,2.65,
292,08-10-2025,13:10:52:941536,130,49.28,15.19,2.66,
293,08-10-2025,13:10:57:291536,128,49.18,15.17,2.66,
294,08-10-2025,13:11:01:338536,125,49.1,15.16,2.66,
295,08-10-2025,13:11:05:853536,125,49.06,15.15,2.67,
296,08-10-2025,13:11:14:528536,131,49.1,15.13,2.66,
297,08-10-2025,13:11:21:075529,133,49.09,15.11,2.66,
298,08-10-2025,13:11:26:532535,134,49.02,15.08,2.66,
299,08-10-2025,13:11:31:035535,131,48.89,15.06,2.66,
300,08-10-2025,13:11:34:926535,128,48.79,15.04,2.66,
301,08-10-2025,13:11:39:233536,126,48.75,15.03,2.68,
302,08-10-2025,13:11:43:124535,123,48.73,15.03,2.66,
303,08-10-2025,13:11:48:891536,125,48.77,15.02,2.68,
304,08-10-2025,13:11:53:772536,125,48.78,15.02,2.66,
305,08-10-2025,13:11:57:905539,123,48.76,15.01,2.68,
306,08-10-2025,13:12:01:830536,121,48.73,15.01,2.66,
307,08-10-2025,13:12:05:692536,119,48.69,15.01,2.68,
308,08-10-2025,13:12:09:743536,118,48.64,15.01,2.66,
309,08-10-2025,13:12:14:088536,118,48.66,15.01,2.66,
310,08-10-2025,13:12:18:346536,118,48.63,15,2.65,
311,08-10-2025,13:12:25:516536,122,48.59,14.98,2.66,
312,08-10-2025,13:12:31:303544,124,48.6,14.96,2.67,
313,08-10-2025,13:12:36:375535,124,48.57,14.95,2.66,
314,08-10-2025,13:12:40:488535,122,48.58,14.94,2.66,
315,08-10-2025,13:12:44:485538,121,48.56,14.93,2.65,
316,08-10-2025,13:12:49:077535,120,48.55,14.92,2.66,
317,08-10-2025,13:12:59:265529,129,48.48,14.9,2.66,
318,08-10-2025,13:13:04:238535,128,48.45,14.88,2.67,
319,08-10-2025,13:13:09:764535,129,48.41,14.86,2.65,
320,08-10-2025,13:13:14:687535,127,48.33,14.83,2.66,
321,08-10-2025,13:13:19:585535,126,48.29,14.81,2.67,
322,08-10-2025,13:13:24:108535,124,48.32,14.8,2.66,
323,08-10-2025,13:13:29:214535,124,48.37,14.79,2.67,
324,08-10-2025,13:13:33:306535,122,48.37,14.8,2.65,
325,08-10-2025,13:13:39:887529,125,48.31,14.78,2.66,
326,08-10-2025,13:13:45:196535,125,48.26,14.76,2.66,
327,08-10-2025,13:13:49:905536,124,48.28,14.75,2.67,
328,08-10-2025,13:13:55:015535,123,48.26,14.74,2.66,
329,08-10-2025,13:13:59:116536,121,48.22,14.73,2.66,
330,08-10-2025,13:14:02:803535,119,48.15,14.73,2.65,
331,08-10-2025,13:14:07:933536,119,48.07,14.71,2.66,
332,08-10-2025,13:14:12:632535,119,48.1,14.7,2.66,
333,08-10-2025,13:14:18:001535,120,48.15,14.7,2.66,
334,08-10-2025,13:14:27:376536,127,48.28,14.69,2.67,
335,08-10-2025,13:14:31:479535,125,48.18,14.69,2.66,
336,08-10-2025,13:14:36:185535,123,48.02,14.67,2.66,
337,08-10-2025,13:14:40:494535,122,47.97,14.68,2.67,
338,08-10-2025,13:14:45:606535,122,47.94,14.66,2.65,
339,08-10-2025,13:14:50:112535,120,47.9,14.66,2.66,
340,08-10-2025,13:14:55:227535,120,47.9,14.65,2.67,
341,08-10-2025,13:14:59:121535,119,47.89,14.65,2.66,
342,08-10-2025,13:15:03:245535,117,47.88,14.65,2.66,
343,08-10-2025,13:15:07:930535,117,47.89,14.64,2.66,
344,08-10-2025,13:15:13:044535,117,47.86,14.64,2.66,
345,08-10-2025,13:15:16:731535,115,47.82,14.64,2.67,
346,08-10-2025,13:15:21:447535,115,47.78,14.64,2.67,
347,08-10-2025,13:15:25:954535,115,47.75,14.63,2.66,
348,08-10-2025,13:15:29:848535,113,47.72,14.61,2.67,
349,08-10-2025,13:15:34:555535,114,47.67,14.61,2.66,
350,08-10-2025,13:15:41:346529,118,47.79,14.61,2.68,
351,08-10-2025,13:15:46:019535,117,47.76,14.6,2.68,
352,08-10-2025,13:15:50:339536,116,47.73,14.6,2.65,
353,08-10-2025,13:15:56:254535,118,47.68,14.58,2.66,
354,08-10-2025,13:16:05:660536,126,47.71,14.56,2.66,
355,08-10-2025,13:16:09:608535,123,47.65,14.54,2.66,
356,08-10-2025,13:16:14:493535,122,47.6,14.52,2.66,
357,08-10-2025,13:16:19:614535,121,47.65,14.5,2.65,
358,08-10-2025,13:16:23:506535,119,47.68,14.5,2.66,
359,08-10-2025,13:16:28:441535,118,47.63,14.48,2.67,
360,08-10-2025,13:16:35:982536,123,47.66,14.46,2.65,
361,08-10-2025,13:16:42:960535,125,47.68,14.45,2.66,
362,08-10-2025,13:16:51:920535,131,47.65,14.43,2.66,
363,08-10-2025,13:16:56:722535,129,47.67,14.42,2.67,
364,08-10-2025,13:17:03:877529,131,47.74,14.42,2.68,
365,08-10-2025,13:17:11:036535,133,47.79,14.41,2.66,
366,08-10-2025,13:17:14:911535,129,47.72,14.42,2.66,
367,08-10-2025,13:17:19:211535,126,47.67,14.43,2.67,
368,08-10-2025,13:17:23:312535,123,47.58,14.44,2.66,
369,08-10-2025,13:17:27:608535,121,47.48,14.44,2.67,
370,08-10-2025,13:17:32:933535,121,47.47,14.44,2.66,
371,08-10-2025,13:17:38:056536,121,47.43,14.44,2.66,
372,08-10-2025,13:17:42:554536,120,47.33,14.43,2.66,
373,08-10-2025,13:17:48:317536,121,47.36,14.42,2.67,
374,08-10-2025,13:17:52:796536,120,47.35,14.42,2.67,
375,08-10-2025,13:17:58:127536,120,47.36,14.43,2.66,
376,08-10-2025,13:18:02:220536,118,47.34,14.43,2.66,
377,08-10-2025,13:18:07:138536,118,47.29,14.44,2.67,
378,08-10-2025,13:18:11:723536,117,47.26,14.44,2.67,
379,08-10-2025,13:18:16:558536,118,47.21,14.43,2.67,
380,08-10-2025,13:18:21:927536,118,47.19,14.42,2.65,
381,08-10-2025,13:18:26:183566,117,47.18,14.41,2.66,
382,08-10-2025,13:18:30:326536,115,47.13,14.41,2.66,
383,08-10-2025,13:18:35:039536,115,47.11,14.4,2.67,
384,08-10-2025,13:18:38:746536,113,47.08,14.39,2.67,
385,08-10-2025,13:18:42:978535,112,47.03,14.39,2.66,
386,08-10-2025,13:18:47:720536,112,47.03,14.38,2.67,
387,08-10-2025,13:18:51:992536,112,47.01,14.39,2.66,
388,08-10-2025,13:18:55:520536,110,46.94,14.4,2.66,
389,08-10-2025,13:18:59:977536,110,46.92,14.4,2.66,
390,08-10-2025,13:19:06:767529,114,46.96,14.38,2.65,
391,08-10-2025,13:19:11:650536,114,46.96,14.37,2.66,
392,08-10-2025,13:19:18:410536,118,47,14.36,2.66,
393,08-10-2025,13:19:23:115548,117,47,14.35,2.67,
394,08-10-2025,13:19:27:248536,116,47.05,14.34,2.67,
395,08-10-2025,13:19:34:594536,119,47.23,14.33,2.66,
396,08-10-2025,13:19:39:101535,118,47.27,14.33,2.67,
397,08-10-2025,13:19:42:574536,115,47.27,14.34,2.65,
398,08-10-2025,13:19:47:122536,115,47.29,14.36,2.67,
399,08-10-2025,13:19:53:863529,118,47.28,14.36,2.67,
400,08-10-2025,13:19:59:652536,120,47.28,14.35,2.66,
401,08-10-2025,13:20:03:927536,118,47.26,14.35,2.66,
402,08-10-2025,13:20:08:183535,117,47.26,14.36,2.67,
403,08-10-2025,13:20:12:327536,115,47.25,14.37,2.66,
404,08-10-2025,13:20:17:187560,115,47.28,14.38,2.66,
405,08-10-2025,13:20:22:527536,117,47.37,14.4,2.66,
406,08-10-2025,13:20:29:100529,120,47.7,14.43,2.66,
407,08-10-2025,13:20:33:847536,120,47.98,14.46,2.68,
408,08-10-2025,13:20:38:896536,121,48.37,14.51,2.66,
409,08-10-2025,13:20:42:385536,118,48.64,14.56,2.65,
410,08-10-2025,13:20:47:500536,120,49,14.62,2.66,
411,08-10-2025,13:20:52:007535,119,49.48,14.69,2.66,
412,08-10-2025,13:20:55:701536,118,49.82,14.76,2.67,
413,08-10-2025,13:21:00:607536,120,50.22,14.84,2.66,
414,08-10-2025,13:21:05:123536,121,50.69,14.93,2.67,
415,08-10-2025,13:21:11:049536,124,51.22,15.02,2.65,
416,08-10-2025,13:21:15:848536,126,51.47,15.13,2.66,
417,08-10-2025,13:21:20:478536,126,51.97,15.24,2.66,
418,08-10-2025,13:21:25:595536,128,52.74,15.35,2.66,
419,08-10-2025,13:21:30:324536,130,53.31,15.46,2.66,
420,08-10-2025,13:21:34:605536,129,53.6,15.58,2.66,
421,08-10-2025,13:21:38:501536,128,53.84,15.68,2.67,
422,08-10-2025,13:21:42:252536,127,53.73,15.79,2.65,
423,08-10-2025,13:21:46:282536,127,53.91,15.89,2.67,
424,08-10-2025,13:21:52:215536,133,54.65,15.99,2.65,
425,08-10-2025,13:21:56:720536,134,55.11,16.1,2.64,
426,08-10-2025,13:22:01:841536,137,55.44,16.21,2.66,ac on and door close ends
427,08-10-2025,13:22:05:937534,136,55.49,16.32,2.67,ac off and door open 
428,08-10-2025,13:22:09:839536,135,55.54,16.42,2.64,
429,08-10-2025,13:22:13:929536,135,55.78,16.52,2.66,
430,08-10-2025,13:22:17:824536,135,55.95,16.61,2.67,
431,08-10-2025,13:22:21:705536,135,56.05,16.7,2.66,
432,08-10-2025,13:22:26:047536,136,56.17,16.78,2.67,
433,08-10-2025,13:22:29:910536,137,56.16,16.86,2.68,
434,08-10-2025,13:22:33:999536,136,56.16,16.94,2.66,
435,08-10-2025,13:22:37:708536,135,56.13,17.01,2.67,
436,08-10-2025,13:22:42:395552,138,56.3,17.09,2.67,
437,08-10-2025,13:22:46:901535,140,56.07,17.16,2.67,
438,08-10-2025,13:22:51:412536,140,55.68,17.25,2.66,
439,08-10-2025,13:22:56:323536,142,55.01,17.33,2.66,
440,08-10-2025,13:23:00:620536,142,54.35,17.42,2.66,
441,08-10-2025,13:23:04:720536,141,53.62,17.51,2.68,
442,08-10-2025,13:23:10:652536,144,52.88,17.6,2.66,
443,08-10-2025,13:23:14:348536,143,52.53,17.69,2.66,
444,08-10-2025,13:23:18:250536,142,52.42,17.78,2.66,
445,08-10-2025,13:23:22:133535,140,52.31,17.87,2.64,
446,08-10-2025,13:23:26:430536,140,52.26,17.96,2.65,
447,08-10-2025,13:23:29:945536,140,52.39,18.05,2.64,
448,08-10-2025,13:23:34:209536,141,52.72,18.14,2.66,
449,08-10-2025,13:23:39:128536,143,52.43,18.23,2.65,
450,08-10-2025,13:23:42:853536,141,52.06,18.32,2.68,
451,08-10-2025,13:23:47:134535,141,51.77,18.41,2.67,
452,08-10-2025,13:23:52:450536,146,51.57,18.51,2.66,
453,08-10-2025,13:23:56:735536,146,51.38,18.6,2.66,
454,08-10-2025,13:24:01:045536,145,51.31,18.69,2.67,
455,08-10-2025,13:24:05:950536,147,51.38,18.78,2.67,
456,08-10-2025,13:24:10:707536,149,51.41,18.87,2.66,
457,08-10-2025,13:24:14:553536,147,51.35,18.96,2.66,
458,08-10-2025,13:24:18:655536,147,51.07,19.05,2.66,
459,08-10-2025,13:24:23:158536,148,50.74,19.13,2.66,
460,08-10-2025,13:24:32:171536,162,50.76,19.24,2.66,
461,08-10-2025,13:24:37:697536,165,51.16,19.34,2.66,
462,08-10-2025,13:24:41:651536,164,51.71,19.45,2.67,
463,08-10-2025,13:24:45:696536,162,52.65,19.54,2.66,
464,08-10-2025,13:24:49:785536,162,52.55,19.63,2.66,
465,08-10-2025,13:24:53:679536,160,52.34,19.72,2.66,
466,08-10-2025,13:25:00:022536,168,52.4,19.81,2.67,
467,08-10-2025,13:25:03:931536,165,52.45,19.9,2.66,
468,08-10-2025,13:25:07:603536,162,53.19,19.99,2.65,
469,08-10-2025,13:25:12:104536,165,54.17,20.08,2.67,
470,08-10-2025,13:25:16:206536,165,55.27,20.16,2.67,
471,08-10-2025,13:25:20:133536,165,55.53,20.24,2.66,
472,08-10-2025,13:25:23:986536,166,56.4,20.31,2.66,
473,08-10-2025,13:25:27:934536,169,58.2,20.38,2.66,
474,08-10-2025,13:25:32:045536,172,59.6,20.45,2.66,
475,08-10-2025,13:25:35:903536,173,60.72,20.52,2.65,
476,08-10-2025,13:25:39:957536,173,60.21,20.59,2.65,
477,08-10-2025,13:25:44:257536,175,59.13,20.66,2.65,
478,08-10-2025,13:25:48:975536,179,58.78,20.72,2.65,
479,08-10-2025,13:25:53:736536,184,59.58,20.79,2.68,
480,08-10-2025,13:25:57:368536,183,60.55,20.86,2.67,
481,08-10-2025,13:26:03:933535,195,61.53,20.94,2.65,
482,08-10-2025,13:26:08:222536,198,62.48,21.01,2.66,
483,08-10-2025,13:26:12:322536,196,62.22,21.09,2.66,
484,08-10-2025,13:26:16:009536,194,61.69,21.16,2.66,
485,08-10-2025,13:26:20:140536,195,61.8,21.22,2.66,
486,08-10-2025,13:26:23:794536,193,61.91,21.29,2.66,
487,08-10-2025,13:26:27:940536,195,62.2,21.36,2.66,
488,08-10-2025,13:26:32:804536,202,63.65,21.42,2.67,
489,08-10-2025,13:26:36:697536,201,64.01,21.48,2.66,
490,08-10-2025,13:26:41:201541,205,63.96,21.54,2.66,
491,08-10-2025,13:26:45:518536,207,64.57,21.6,2.66,
492,08-10-2025,13:26:51:862536,225,65.61,21.66,2.66,
493,08-10-2025,13:26:56:348536,229,67.01,21.72,2.66,
494,08-10-2025,13:27:01:065536,232,67.19,21.78,2.66,
495,08-10-2025,13:27:04:748536,228,66.64,21.84,2.67,
496,08-10-2025,13:27:08:658536,225,65.48,21.9,2.66,
497,08-10-2025,13:27:12:940540,223,64.49,21.95,2.67,
498,08-10-2025,13:27:17:860536,228,64.77,22.01,2.65,
499,08-10-2025,13:27:22:157536,230,65.59,22.06,2.67,
500,08-10-2025,13:27:27:281536,235,65.58,22.11,2.64,
501,08-10-2025,13:27:31:456536,233,65.51,22.16,2.67,
502,08-10-2025,13:27:36:089536,236,65.15,22.2,2.67,
503,08-10-2025,13:27:39:984536,233,64.82,22.25,2.66,
504,08-10-2025,13:27:44:920536,237,65.65,22.3,2.66,
505,08-10-2025,13:27:48:994536,236,65.72,22.34,2.67,
506,08-10-2025,13:27:54:111536,240,65.55,22.39,2.68,
507,08-10-2025,13:27:58:208536,238,65.47,22.43,2.66,
508,08-10-2025,13:28:02:142535,236,65.34,22.47,2.65,
509,08-10-2025,13:28:06:603536,236,65.31,22.51,2.66,
510,08-10-2025,13:28:10:570536,236,65.5,22.55,2.67,
511,08-10-2025,13:28:15:260536,240,66.05,22.59,2.68,
512,08-10-2025,13:28:19:909536,242,66.28,22.63,2.66,
513,08-10-2025,13:28:23:812536,240,66.02,22.67,2.65,
514,08-10-2025,13:28:29:339536,247,66.01,22.71,2.68,
515,08-10-2025,13:28:33:025536,243,66.06,22.75,2.65,
516,08-10-2025,13:28:37:320536,244,66.35,22.79,2.66,
517,08-10-2025,13:28:41:063536,241,66.43,22.84,2.67,
518,08-10-2025,13:28:47:567536,254,66.73,22.88,2.66,
519,08-10-2025,13:28:52:722536,258,66.63,22.91,2.67,
520,08-10-2025,13:28:58:011536,263,66.6,22.95,2.66,
521,08-10-2025,13:29:01:895536,258,66.59,22.98,2.66,
522,08-10-2025,13:29:06:818536,261,66.74,23.02,2.67,
523,08-10-2025,13:29:11:113536,260,66.96,23.05,2.66,
524,08-10-2025,13:29:16:671535,266,67.19,23.08,2.66,
525,08-10-2025,13:29:21:211535,265,67.3,23.12,2.67,
526,08-10-2025,13:29:25:869536,267,67.39,23.15,2.66,
527,08-10-2025,13:29:29:759536,262,67.41,23.18,2.66,
528,08-10-2025,13:29:34:264536,263,67.66,23.22,2.67,
529,08-10-2025,13:29:38:766536,263,67.85,23.25,2.67,
530,08-10-2025,13:29:42:481535,259,67.76,23.29,2.67,
531,08-10-2025,13:29:46:134536,254,67.57,23.32,2.64,
532,08-10-2025,13:29:50:025536,252,67.52,23.35,2.65,
533,08-10-2025,13:29:54:330536,254,67.63,23.38,2.67,
534,08-10-2025,13:30:00:912536,267,67.98,23.41,2.66,
535,08-10-2025,13:30:05:606535,271,67.99,23.45,2.67,
536,08-10-2025,13:30:09:493536,265,67.94,23.48,2.66,
537,08-10-2025,13:30:13:413536,263,67.95,23.51,2.66,
538,08-10-2025,13:30:17:920536,264,68.03,23.54,2.66,
539,08-10-2025,13:30:21:588536,261,68.13,23.56,2.66,
540,08-10-2025,13:30:27:098536,269,68.51,23.59,2.65,
541,08-10-2025,13:30:31:608536,271,68.52,23.62,2.65,
542,08-10-2025,13:30:36:823536,274,68.61,23.64,2.67,
543,08-10-2025,13:30:41:444536,276,68.72,23.67,2.68,
544,08-10-2025,13:30:45:941536,275,68.79,23.69,2.66,
545,08-10-2025,13:30:50:035535,273,68.78,23.71,2.67,
546,08-10-2025,13:30:53:932535,270,68.73,23.74,2.67,
547,08-10-2025,13:30:58:435536,270,68.73,23.76,2.67,
548,08-10-2025,13:31:02:943536,271,68.67,23.78,2.66,
549,08-10-2025,13:31:06:833536,268,68.74,23.8,2.66,
550,08-10-2025,13:31:12:210536,276,68.91,23.82,2.66,
551,08-10-2025,13:31:18:959529,290,69.05,23.85,2.67,
552,08-10-2025,13:31:23:037536,286,69,23.87,2.67,
553,08-10-2025,13:31:27:307536,283,68.97,23.9,2.67,
554,08-10-2025,13:31:31:203536,279,68.96,23.92,2.67,
555,08-10-2025,13:31:36:114536,281,68.97,23.95,2.64,
556,08-10-2025,13:31:41:643536,287,68.94,23.98,2.67,
557,08-10-2025,13:31:47:383536,296,69.01,24,2.67,
558,08-10-2025,13:31:51:680536,291,69.02,24.03,2.66,
559,08-10-2025,13:31:58:270529,302,69.25,24.05,2.66,
560,08-10-2025,13:32:02:743536,301,69.23,24.07,2.65,
561,08-10-2025,13:32:06:834536,294,69.14,24.09,2.65,
562,08-10-2025,13:32:11:144536,291,69.09,24.12,2.67,
563,08-10-2025,13:32:18:407536,307,69.16,24.14,2.66,
564,08-10-2025,13:32:22:611536,302,69.12,24.16,2.66,
565,08-10-2025,13:32:26:500536,295,69.07,24.18,2.66,
566,08-10-2025,13:32:30:213536,286,69.19,24.2,2.66,
567,08-10-2025,13:32:34:080536,284,69.2,24.22,2.66,
568,08-10-2025,13:32:40:221536,293,69.36,24.24,2.67,
569,08-10-2025,13:32:45:345536,298,69.45,24.26,2.65,
570,08-10-2025,13:32:49:442536,294,69.39,24.28,2.66,
571,08-10-2025,13:32:55:587536,303,69.39,24.3,2.66,
572,08-10-2025,13:32:59:269536,295,69.26,24.32,2.67,
573,08-10-2025,13:33:04:418536,297,69.28,24.34,2.67,
574,08-10-2025,13:33:09:713535,302,69.36,24.36,2.66,
575,08-10-2025,13:33:14:628535,303,69.46,24.38,2.65,
576,08-10-2025,13:33:19:137535,301,69.43,24.4,2.67,
577,08-10-2025,13:33:23:845535,300,69.33,24.41,2.67,
578,08-10-2025,13:33:28:143535,297,69.3,24.43,2.66,
579,08-10-2025,13:33:32:034535,290,69.36,24.45,2.66,
580,08-10-2025,13:33:36:185535,287,69.36,24.46,2.64,
581,08-10-2025,13:33:41:462535,293,69.38,24.48,2.65,
582,08-10-2025,13:33:45:187535,288,69.3,24.49,2.65,
583,08-10-2025,13:33:49:649535,289,69.36,24.51,2.67,
584,08-10-2025,13:33:53:753535,286,69.46,24.53,2.67,
585,08-10-2025,13:33:59:746535,297,69.6,24.54,2.67,
586,08-10-2025,13:34:05:214536,303,69.58,24.56,2.68,
587,08-10-2025,13:34:09:310535,298,69.56,24.58,2.68,
588,08-10-2025,13:34:15:046535,305,69.6,24.6,2.65,
589,08-10-2025,13:34:19:759535,305,69.56,24.62,2.64,
590,08-10-2025,13:34:24:321535,304,69.51,24.64,2.66,
591,08-10-2025,13:34:28:770535,303,69.48,24.65,2.65,
592,08-10-2025,13:34:33:924535,306,69.52,24.67,2.66,
593,08-10-2025,13:34:39:011536,308,69.56,24.68,2.66,
594,08-10-2025,13:34:42:918535,301,69.51,24.7,2.67,
595,08-10-2025,13:34:47:815535,302,69.59,24.71,2.66,
596,08-10-2025,13:34:51:861535,297,69.64,24.73,2.66,
597,08-10-2025,13:35:00:754529,325,69.87,24.74,2.66,
598,08-10-2025,13:35:11:917523,364,70.02,24.76,2.67,
599,08-10-2025,13:35:19:151535,370,69.95,24.78,2.64,
600,08-10-2025,13:35:23:652535,357,69.82,24.8,2.67,
601,08-10-2025,13:35:29:024535,353,69.8,24.82,2.68,
602,08-10-2025,13:35:34:466520,350,69.81,24.83,2.67,
603,08-10-2025,13:35:41:481535,357,69.97,24.85,2.66,
604,08-10-2025,13:35:48:032535,362,70.01,24.87,2.67,
605,08-10-2025,13:35:52:532535,351,69.89,24.88,2.65,
606,08-10-2025,13:35:57:039535,343,69.85,24.9,2.66,
607,08-10-2025,13:36:01:424535,336,69.84,24.92,2.66,
608,08-10-2025,13:36:08:305535,347,69.96,24.94,2.66,
609,08-10-2025,13:36:13:022535,342,69.83,24.95,2.66,
610,08-10-2025,13:36:17:122535,333,69.73,24.97,2.67,
611,08-10-2025,13:36:25:230535,353,69.89,24.98,2.66,
612,08-10-2025,13:36:31:703535,359,69.91,24.99,2.66,
613,08-10-2025,13:36:38:873529,368,69.97,25.01,2.65,
614,08-10-2025,13:36:49:124548,395,70.16,25.02,2.66,
615,08-10-2025,13:37:00:114533,424,70.24,25.04,2.66,
616,08-10-2025,13:37:06:769529,416,70.16,25.05,2.65,
617,08-10-2025,13:37:10:573536,389,69.99,25.07,2.66,
618,08-10-2025,13:37:15:076536,374,69.89,25.09,2.67,
619,08-10-2025,13:37:21:935529,381,70.09,25.11,2.65,
620,08-10-2025,13:37:25:979536,365,70.03,25.13,2.65,
621,08-10-2025,13:37:34:991536,387,70.29,25.14,2.67,
622,08-10-2025,13:37:40:712539,384,70.23,25.15,2.65,
623,08-10-2025,13:37:45:186535,371,70.19,25.16,2.66,
624,08-10-2025,13:37:50:914535,370,70.2,25.17,2.66,
625,08-10-2025,13:37:57:317539,373,70.21,25.18,2.66,
626,08-10-2025,13:38:02:186535,366,70.16,25.2,2.66,
627,08-10-2025,13:38:15:717533,419,70.46,25.21,2.64,
628,08-10-2025,13:38:21:639535,410,70.38,25.22,2.66,
629,08-10-2025,13:38:27:437538,399,70.29,25.24,2.65,
630,08-10-2025,13:38:31:525537,380,70.17,25.25,2.67,
631,08-10-2025,13:38:38:244535,385,70.31,25.26,2.66,
632,08-10-2025,13:38:43:751544,381,70.29,25.28,2.65,
633,08-10-2025,13:38:47:845535,367,70.21,25.29,2.66,
634,08-10-2025,13:38:55:225535,377,70.35,25.3,2.66,
635,08-10-2025,13:38:59:131535,364,70.23,25.32,2.68,
636,08-10-2025,13:39:03:206535,351,70.13,25.33,2.66,
637,08-10-2025,13:39:07:722535,345,70.15,25.34,2.65,
638,08-10-2025,13:39:12:440535,343,70.18,25.35,2.66,
639,08-10-2025,13:39:17:339535,340,70.16,25.37,2.66,
640,08-10-2025,13:39:22:664535,344,70.22,25.38,2.66,
641,08-10-2025,13:39:27:199535,338,70.19,25.39,2.66,
642,08-10-2025,13:39:31:681535,334,70.12,25.41,2.67,
643,08-10-2025,13:39:37:042537,337,70.17,25.42,2.68,
644,08-10-2025,13:39:41:303535,332,70.12,25.43,2.66,
645,08-10-2025,13:39:45:599535,328,70.2,25.45,2.66,
646,08-10-2025,13:39:49:998535,324,70.24,25.46,2.66,
647,08-10-2025,13:39:55:083535,329,70.32,25.47,2.65,
648,08-10-2025,13:39:59:324535,324,70.25,25.48,2.65,
649,08-10-2025,13:40:05:057536,330,70.27,25.49,2.66,
650,08-10-2025,13:40:09:562535,327,70.25,25.5,2.67,
651,08-10-2025,13:40:14:730535,330,70.22,25.51,2.67,
652,08-10-2025,13:40:18:797535,324,70.16,25.52,2.66,
653,08-10-2025,13:40:23:491535,324,70.18,25.53,2.66,
654,08-10-2025,13:40:30:170529,336,70.33,25.54,2.65,
655,08-10-2025,13:40:34:400535,332,70.28,25.55,2.66,
656,08-10-2025,13:40:40:291535,338,70.34,25.56,2.66,
657,08-10-2025,13:40:46:065537,343,70.33,25.56,2.66,
658,08-10-2025,13:40:51:802536,345,70.31,25.57,2.64,
659,08-10-2025,13:41:02:633536,383,70.48,25.58,2.67,
660,08-10-2025,13:41:06:819539,370,70.31,25.6,2.66,
661,08-10-2025,13:41:14:737535,383,70.38,25.61,2.66,
662,08-10-2025,13:41:19:199535,371,70.35,25.62,2.67,
663,08-10-2025,13:41:23:749548,359,70.31,25.63,2.65,
664,08-10-2025,13:41:32:736535,382,70.47,25.64,2.66,
665,08-10-2025,13:41:36:611535,367,70.31,25.65,2.66,
666,08-10-2025,13:41:40:712536,354,70.22,25.66,2.67,
667,08-10-2025,13:41:47:489529,365,70.43,25.67,2.68,
668,08-10-2025,13:41:59:344536,405,70.58,25.67,2.67,
669,08-10-2025,13:42:07:402535,415,70.53,25.68,2.66,
670,08-10-2025,13:42:11:631535,394,70.39,25.69,2.64,
671,08-10-2025,13:42:15:733535,377,70.33,25.71,2.67,
672,08-10-2025,13:42:20:646535,370,70.35,25.72,2.65,
673,08-10-2025,13:42:26:254535,368,70.38,25.73,2.67,
674,08-10-2025,13:42:30:271536,357,70.34,25.74,2.67,
675,08-10-2025,13:42:36:006536,360,70.34,25.74,2.67,
676,08-10-2025,13:42:40:516536,352,70.31,25.75,2.65,
677,08-10-2025,13:42:44:406536,342,70.31,25.76,2.65,
678,08-10-2025,13:42:49:742535,344,70.37,25.77,2.65,
679,08-10-2025,13:42:59:043529,372,70.59,25.77,2.64,
680,08-10-2025,13:43:08:979535,403,70.7,25.78,2.68,
681,08-10-2025,13:43:13:488536,387,70.56,25.79,2.66,
682,08-10-2025,13:43:17:990536,375,70.51,25.8,2.65,
683,08-10-2025,13:43:22:740536,367,70.49,25.81,2.68,
684,08-10-2025,13:43:26:587536,353,70.42,25.83,2.66,
685,08-10-2025,13:43:31:510535,349,70.42,25.84,2.65,
686,08-10-2025,13:43:38:500535,364,70.52,25.84,2.68,
687,08-10-2025,13:43:42:563536,351,70.41,25.85,2.67,
688,08-10-2025,13:43:49:372529,362,70.57,25.86,2.66,
689,08-10-2025,13:43:54:815538,362,70.53,25.87,2.66,
690,08-10-2025,13:44:00:257519,362,70.55,25.88,2.67,
691,08-10-2025,13:44:05:699519,360,70.61,25.88,2.67,
692,08-10-2025,13:44:13:496536,376,70.76,25.89,2.68,
693,08-10-2025,13:44:17:860536,364,70.62,25.9,2.66,
694,08-10-2025,13:44:23:751545,368,70.65,25.91,2.66,
695,08-10-2025,13:44:36:841539,420,70.85,25.92,2.66,
696,08-10-2025,13:44:40:734536,396,70.65,25.93,2.67,
697,08-10-2025,13:44:45:033539,380,70.54,25.94,2.65,
698,08-10-2025,13:44:51:193536,381,70.59,25.95,2.64,
699,08-10-2025,13:44:55:270537,367,70.52,25.96,2.66,
700,08-10-2025,13:45:00:622535,365,70.53,25.97,2.65,
701,08-10-2025,13:45:05:945573,364,70.57,25.98,2.63,
702,08-10-2025,13:45:10:058539,353,70.55,25.99,2.67,
703,08-10-2025,13:45:14:352536,346,70.53,26,2.65,
704,08-10-2025,13:45:18:663536,340,70.62,26.01,2.66,
705,08-10-2025,13:45:23:353536,340,70.63,26.02,2.65,
706,08-10-2025,13:45:27:430536,333,70.56,26.02,2.68,
707,08-10-2025,13:45:31:152536,324,70.48,26.04,2.66,
708,08-10-2025,13:45:35:652536,324,70.48,26.04,2.65,
709,08-10-2025,13:45:41:552536,334,70.62,26.05,2.66,
710,08-10-2025,13:45:45:861536,331,70.62,26.06,2.67,
711,08-10-2025,13:45:49:753536,324,70.62,26.07,2.66,
712,08-10-2025,13:45:55:074536,328,70.66,26.08,2.66,
713,08-10-2025,13:46:00:195536,334,70.62,26.09,2.66,
714,08-10-2025,13:46:04:295536,327,70.58,26.1,2.66,
715,08-10-2025,13:46:08:598535,322,70.56,26.1,2.66,
716,08-10-2025,13:46:13:762535,327,70.67,26.11,2.66,
717,08-10-2025,13:46:19:447536,335,70.71,26.12,2.65,
718,08-10-2025,13:46:23:542535,327,70.63,26.13,2.66,
719,08-10-2025,13:46:27:639535,324,70.57,26.14,2.66,
720,08-10-2025,13:46:32:573536,324,70.61,26.14,2.65,
721,08-10-2025,13:46:36:658536,321,70.55,26.15,2.66,
722,08-10-2025,13:46:40:952536,319,70.56,26.16,2.64,
723,08-10-2025,13:46:45:046536,316,70.54,26.17,2.66,
724,08-10-2025,13:46:49:144536,310,70.54,26.17,2.65,
725,08-10-2025,13:46:54:263536,316,70.62,26.18,2.66,
726,08-10-2025,13:46:59:235536,319,70.63,26.18,2.66,
727,08-10-2025,13:47:03:274536,317,70.59,26.19,2.66,
728,08-10-2025,13:47:07:164535,311,70.55,26.2,2.65,
729,08-10-2025,13:47:11:265536,310,70.54,26.2,2.68,
730,08-10-2025,13:47:15:152535,306,70.51,26.21,2.66,
731,08-10-2025,13:47:19:255536,303,70.51,26.22,2.65,
732,08-10-2025,13:47:23:761535,305,70.54,26.22,2.66,
733,08-10-2025,13:47:28:056536,306,70.54,26.23,2.65,
734,08-10-2025,13:47:31:954536,302,70.51,26.23,2.65,
735,08-10-2025,13:47:37:476535,311,70.62,26.24,2.66,
736,08-10-2025,13:47:42:024535,313,70.6,26.24,2.66,
737,08-10-2025,13:47:46:694535,314,70.59,26.25,2.66,
738,08-10-2025,13:47:51:026536,312,70.58,26.25,2.67,
739,08-10-2025,13:47:55:499536,312,70.65,26.26,2.67,
740,08-10-2025,13:48:02:282529,329,70.79,26.26,2.65,
741,08-10-2025,13:48:06:177536,322,70.64,26.27,2.67,
742,08-10-2025,13:48:10:445536,318,70.6,26.28,2.66,
743,08-10-2025,13:48:14:751536,316,70.56,26.29,2.66,
744,08-10-2025,13:48:18:849536,312,70.53,26.3,2.66,
745,08-10-2025,13:48:22:530536,307,70.5,26.3,2.67,
746,08-10-2025,13:48:27:456535,311,70.58,26.31,2.67,
747,08-10-2025,13:48:31:541535,308,70.59,26.31,2.67,
748,08-10-2025,13:48:38:133529,323,70.73,26.31,2.66,
749,08-10-2025,13:48:43:449536,329,70.76,26.32,2.66,
750,08-10-2025,13:48:49:367536,337,70.81,26.32,2.67,
751,08-10-2025,13:49:00:049523,375,71.05,26.32,2.68,
752,08-10-2025,13:49:04:757566,367,70.94,26.33,2.66,
753,08-10-2025,13:49:11:274536,370,70.96,26.33,2.64,
754,08-10-2025,13:49:15:630536,360,70.88,26.34,2.66,
755,08-10-2025,13:49:19:676535,349,70.79,26.35,2.66,
756,08-10-2025,13:49:23:157536,334,70.68,26.36,2.66,
757,08-10-2025,13:49:27:046536,327,70.69,26.37,2.65,
758,08-10-2025,13:49:30:612536,318,70.66,26.38,2.67,
759,08-10-2025,13:49:34:453536,313,70.67,26.39,2.67,
760,08-10-2025,13:49:38:109535,307,70.64,26.4,2.67,
761,08-10-2025,13:49:45:109529,326,70.85,26.4,2.67,
762,08-10-2025,13:49:52:065536,345,70.89,26.4,2.66,
763,08-10-2025,13:49:56:951535,342,70.78,26.41,2.66,
764,08-10-2025,13:50:00:839536,332,70.67,26.41,2.68,
765,08-10-2025,13:50:04:946535,326,70.69,26.42,2.66,
766,08-10-2025,13:50:10:668536,334,70.81,26.42,2.65,
767,08-10-2025,13:50:16:503536,341,70.88,26.43,2.65,
768,08-10-2025,13:50:21:934535,346,70.89,26.43,2.67,
769,08-10-2025,13:50:35:861536,405,71.25,26.43,2.66,
770,08-10-2025,13:50:41:269536,396,71.16,26.44,2.65,
771,08-10-2025,13:50:45:281535,377,71.05,26.44,2.66,
772,08-10-2025,13:50:49:693536,366,70.97,26.45,2.67,
773,08-10-2025,13:50:53:887536,353,70.89,26.46,2.65,
774,08-10-2025,13:50:58:395536,347,70.92,26.47,2.66,
775,08-10-2025,13:51:03:309535,346,70.95,26.47,2.66,
776,08-10-2025,13:51:08:020535,344,70.93,26.48,2.65,
777,08-10-2025,13:51:12:519536,340,70.89,26.49,2.68,
778,08-10-2025,13:51:17:646536,342,70.94,26.49,2.67,
779,08-10-2025,13:51:21:128536,329,70.85,26.5,2.64,
780,08-10-2025,13:51:25:677536,329,70.86,26.51,2.66,
781,08-10-2025,13:51:31:154536,334,70.93,26.51,2.66,
782,08-10-2025,13:51:37:390536,345,71.03,26.51,2.66,
783,08-10-2025,13:51:42:446535,346,70.99,26.52,2.64,
784,08-10-2025,13:51:46:729535,338,70.93,26.52,2.66,
785,08-10-2025,13:51:51:033535,334,70.91,26.53,2.66,
786,08-10-2025,13:51:55:735536,331,70.91,26.54,2.65,
787,08-10-2025,13:52:00:241536,330,70.91,26.55,2.65,
788,08-10-2025,13:52:05:364536,335,70.95,26.55,2.66,ac off and door open ends
