SNO,Date,Time,ADC,Humidity_pct,Temp_C,Voltage_V,PHASE
1,10/9/2025,11:35:14:492788,1759,68.74,30.41,2.68,DOOR OPEN AC ON STARTS
2,10/9/2025,11:35:19:199793,1759,69.01,30.16,2.66,
3,10/9/2025,11:35:23:306791,1759,68.99,29.96,2.65,
4,10/9/2025,11:35:29:233791,1700,69.17,29.8,2.67,
5,10/9/2025,11:35:32:709793,1547,69.14,29.66,2.66,
6,10/9/2025,11:35:37:427792,1414,69.48,29.55,2.66,
7,10/9/2025,11:35:42:343792,1308,69.69,29.45,2.67,
8,10/9/2025,11:35:45:819792,1198,69.69,29.37,2.66,
9,10/9/2025,11:35:49:713792,1112,69.59,29.3,2.67,
10,10/9/2025,11:35:53:196791,1031,69.62,29.24,2.67,
11,10/9/2025,11:35:56:895792,971,69.71,29.19,2.66,
12,10/9/2025,11:36:01:183849,928,69.79,29.14,2.66,
13,10/9/2025,11:36:07:770785,918,69.79,29.1,2.67,
14,10/9/2025,11:36:14:447786,904,69.79,29.05,2.66,
15,10/9/2025,11:36:18:601793,857,69.7,28.99,2.67,
16,10/9/2025,11:36:22:688792,793,69.75,28.94,2.66,
17,10/9/2025,11:36:26:778793,757,69.91,28.9,2.66,
18,10/9/2025,11:36:30:879792,728,69.97,28.86,2.66,
19,10/9/2025,11:36:34:359791,696,69.92,28.83,2.66,
20,10/9/2025,11:36:39:916796,689,69.75,28.78,2.66,
21,10/9/2025,11:36:43:375792,654,69.68,28.74,2.66,
22,10/9/2025,11:36:46:658792,627,69.61,28.7,2.64,
23,10/9/2025,11:36:50:336791,604,69.61,28.66,2.66,
24,10/9/2025,11:36:54:021791,587,69.64,28.62,2.66,
25,10/9/2025,11:36:58:332792,577,69.65,28.57,2.65,
26,10/9/2025,11:37:01:602791,553,69.59,28.53,2.66,
27,10/9/2025,11:37:05:897792,550,69.57,28.49,2.66,
28,10/9/2025,11:37:10:200791,539,69.63,28.44,2.66,
29,10/9/2025,11:37:13:678792,525,69.54,28.4,2.66,
30,10/9/2025,11:37:18:600792,521,69.55,28.36,2.65,
31,10/9/2025,11:37:22:487791,512,69.56,28.32,2.66,
32,10/9/2025,11:37:26:591791,499,69.42,28.27,2.66,
33,10/9/2025,11:37:30:490793,490,69.29,28.23,2.69,
34,10/9/2025,11:37:34:981793,485,69.14,28.19,2.66,
35,10/9/2025,11:37:41:416785,497,69.16,28.14,2.67,
36,10/9/2025,11:37:46:859792,496,69.16,28.09,2.66,
37,10/9/2025,11:37:52:598794,498,68.92,28.04,2.66,
38,10/9/2025,11:37:59:584786,511,69.01,27.98,2.69,
39,10/9/2025,11:38:03:246792,488,68.84,27.93,2.68,
40,10/9/2025,11:38:07:345792,472,68.72,27.89,2.66,
41,10/9/2025,11:38:11:438793,460,68.71,27.85,2.67,
42,10/9/2025,11:38:15:123792,445,68.63,27.82,2.64,
43,10/9/2025,11:38:18:603792,422,68.41,27.79,2.66,
44,10/9/2025,11:38:22:294793,415,68.15,27.76,2.65,
45,10/9/2025,11:38:27:232933,416,67.96,27.73,2.64,
46,10/9/2025,11:38:31:113796,408,67.61,27.69,2.65,
47,10/9/2025,11:38:35:460796,405,67.31,27.66,2.66,
48,10/9/2025,11:38:46:313796,453,67.18,27.59,2.66,
49,10/9/2025,11:38:51:046796,443,67.09,27.53,2.64,
50,10/9/2025,11:38:55:279794,420,67.01,27.48,2.65,
51,10/9/2025,11:38:59:477794,409,67.03,27.44,2.65,
52,10/9/2025,11:39:04:918779,413,67.47,27.4,2.68,
53,10/9/2025,11:39:08:994791,402,67.51,27.37,2.67,
54,10/9/2025,11:39:15:338791,409,67.17,27.34,2.65,
55,10/9/2025,11:39:21:484793,413,66.81,27.3,2.66,
56,10/9/2025,11:39:26:804792,408,66.64,27.27,2.66,
57,10/9/2025,11:39:30:694792,394,66.62,27.25,2.66,
58,10/9/2025,11:39:35:620795,389,66.7,27.22,2.67,
59,10/9/2025,11:39:43:862796,410,66.76,27.19,2.66,
60,10/9/2025,11:39:52:008791,422,66.55,27.16,2.64,
61,10/9/2025,11:39:56:712794,410,66.14,27.14,2.66,
62,10/9/2025,11:40:01:630792,402,65.99,27.12,2.65,
63,10/9/2025,11:40:13:502790,445,66.17,27.08,2.64,
64,10/9/2025,11:40:18:943774,436,65.9,27.05,2.65,DOOR OPEN AC ON ENDS
65,10/9/2025,11:40:27:447796,445,66.03,27.02,2.65,DOOR CLOSE AC ON STARTS
66,10/9/2025,11:40:41:752790,488,65.54,26.99,2.66,
67,10/9/2025,11:40:49:359791,483,65.46,26.97,2.67,
68,10/9/2025,11:40:53:648794,451,65.1,26.95,2.66,
69,10/9/2025,11:40:57:562796,415,64.88,26.94,2.66,
70,10/9/2025,11:41:02:503796,403,64.8,26.94,2.65,
71,10/9/2025,11:41:07:944784,395,64.62,26.91,2.65,
72,10/9/2025,11:41:13:385777,387,63.99,26.87,2.67,
73,10/9/2025,11:41:18:826779,382,63.95,26.81,2.67,
74,10/9/2025,11:41:24:267777,376,63.95,26.75,2.68,
75,10/9/2025,11:41:29:708779,372,63.77,26.68,2.66,
76,10/9/2025,11:41:35:150777,365,63.73,26.59,2.65,
77,10/9/2025,11:41:40:591779,363,63.98,26.51,2.64,
78,10/9/2025,11:41:46:032791,360,64.11,26.44,2.67,
79,10/9/2025,11:42:10:810782,457,63.03,26.28,2.66,
80,10/9/2025,11:42:15:366802,422,62.87,26.15,2.67,
81,10/9/2025,11:42:19:466813,395,62.68,26.03,2.64,
82,10/9/2025,11:42:22:739791,366,62.6,25.94,2.64,
83,10/9/2025,11:42:30:527796,369,61.94,25.79,2.66,
84,10/9/2025,11:42:36:930796,368,62.05,25.66,2.66,
85,10/9/2025,11:42:44:038791,367,62.24,25.54,2.65,
86,10/9/2025,11:42:47:930796,348,62.1,25.45,2.67,
87,10/9/2025,11:42:52:235791,334,62.18,25.36,2.67,
88,10/9/2025,11:42:55:911794,322,62.13,25.3,2.67,
89,10/9/2025,11:43:05:035795,336,61.84,25.22,2.66,
90,10/9/2025,11:43:09:126791,324,61.49,25.16,2.64,
91,10/9/2025,11:43:13:017793,311,61.33,25.09,2.64,
92,10/9/2025,11:43:16:919791,300,61.14,25.03,2.66,
93,10/9/2025,11:43:20:596791,290,60.88,24.97,2.66,
94,10/9/2025,11:43:27:355791,296,60.89,24.9,2.64,
95,10/9/2025,11:43:31:038793,286,60.8,24.84,2.66,
96,10/9/2025,11:43:34:930793,279,60.72,24.79,2.65,
97,10/9/2025,11:43:38:822791,272,60.75,24.75,2.66,
98,10/9/2025,11:43:43:329791,269,60.57,24.71,2.66,
99,10/9/2025,11:43:49:468791,275,60.41,24.66,2.67,
100,10/9/2025,11:43:55:203793,275,60.23,24.61,2.66,
101,10/9/2025,11:43:59:303791,269,60.04,24.58,2.67,
102,10/9/2025,11:44:03:602793,264,59.8,24.53,2.66,
103,10/9/2025,11:44:07:289791,256,59.51,24.5,2.65,
104,10/9/2025,11:44:13:878785,262,59.38,24.46,2.64,
105,10/9/2025,11:44:18:344792,258,59.18,24.42,2.66,
106,10/9/2025,11:44:24:927786,263,59.01,24.38,2.65,
107,10/9/2025,11:44:29:200792,257,58.91,24.34,2.66,
108,10/9/2025,11:44:32:890796,250,58.73,24.3,2.66,
109,10/9/2025,11:44:37:396791,246,58.45,24.26,2.66,
110,10/9/2025,11:44:41:488791,241,58.11,24.22,2.65,
111,10/9/2025,11:44:45:380793,236,57.85,24.18,2.67,
112,10/9/2025,11:44:49:684794,233,57.66,24.14,2.66,
113,10/9/2025,11:44:52:959793,226,57.56,24.1,2.67,
114,10/9/2025,11:44:59:304794,233,57.61,24.05,2.66,
115,10/9/2025,11:45:03:605793,230,57.48,24,2.67,
116,10/9/2025,11:45:08:114794,229,57.36,23.95,2.66,
117,10/9/2025,11:45:13:236794,230,57.32,23.92,2.66,
118,10/9/2025,11:45:17:329794,225,57.15,23.88,2.65,
119,10/9/2025,11:45:21:630792,222,56.99,23.85,2.65,
120,10/9/2025,11:45:25:115791,216,56.82,23.83,2.67,
121,10/9/2025,11:45:28:600792,208,56.58,23.79,2.67,
122,10/9/2025,11:45:31:870791,202,56.4,23.77,2.67,
123,10/9/2025,11:45:35:359791,198,56.26,23.74,2.65,
124,10/9/2025,11:45:39:650792,198,56.12,23.7,2.66,
125,10/9/2025,11:45:43:981792,198,56.04,23.67,2.67,
126,10/9/2025,11:45:49:175795,201,55.92,23.63,2.66,
127,10/9/2025,11:45:55:219791,206,55.79,23.59,2.65,
128,10/9/2025,11:45:59:313791,203,55.65,23.55,2.66,
129,10/9/2025,11:46:03:413792,200,55.49,23.52,2.64,
130,10/9/2025,11:46:09:359791,205,55.34,23.48,2.66,
131,10/9/2025,11:46:16:111793,215,55.12,23.44,2.67,
132,10/9/2025,11:46:22:669791,220,54.95,23.4,2.67,
133,10/9/2025,11:46:33:312791,236,54.78,23.35,2.66,
134,10/9/2025,11:46:38:029792,231,54.59,23.3,2.66,
135,10/9/2025,11:46:43:557791,228,54.27,23.25,2.65,
136,10/9/2025,11:46:47:443792,219,54.14,23.22,2.68,
137,10/9/2025,11:46:51:743791,214,54.11,23.2,2.64,
138,10/9/2025,11:46:58:300793,218,53.96,23.18,2.65,
139,10/9/2025,11:47:04:239791,218,53.66,23.17,2.65,
140,10/9/2025,11:47:09:765794,218,53.35,23.15,2.66,
141,10/9/2025,11:47:14:074791,208,53.07,23.13,2.66,
142,10/9/2025,11:47:19:399791,207,52.85,23.11,2.66,
143,10/9/2025,11:47:26:160792,214,52.7,23.08,2.66,
144,10/9/2025,11:47:36:399791,229,52.28,23.04,2.65,
145,10/9/2025,11:47:50:116791,250,51.73,22.98,2.68,
146,10/9/2025,11:47:58:103791,251,51.57,22.93,2.67,
147,10/9/2025,11:48:01:587793,234,51.37,22.88,2.66,
148,10/9/2025,11:48:05:888791,225,51.2,22.83,2.66,
149,10/9/2025,11:48:09:370792,208,50.96,22.79,2.65,
150,10/9/2025,11:48:13:665794,203,50.74,22.74,2.67,
151,10/9/2025,11:48:17:558792,196,50.67,22.7,2.66,
152,10/9/2025,11:48:23:300791,196,50.72,22.68,2.67,
153,10/9/2025,11:48:29:441792,199,50.56,22.65,2.66,
154,10/9/2025,11:48:33:737791,193,50.41,22.61,2.66,
155,10/9/2025,11:48:40:709791,197,50.2,22.55,2.66,
156,10/9/2025,11:48:45:456842,195,50.14,22.5,2.67,
157,10/9/2025,11:48:49:734795,189,50.14,22.47,2.66,
158,10/9/2025,11:48:55:045791,189,50.06,22.44,2.67,
159,10/9/2025,11:49:00:366794,188,49.89,22.41,2.66,
160,10/9/2025,11:49:13:272791,208,49.47,22.35,2.65,
161,10/9/2025,11:49:16:961791,198,49.29,22.3,2.67,
162,10/9/2025,11:49:21:469791,193,49.18,22.26,2.66,
163,10/9/2025,11:49:25:352791,186,49.1,22.23,2.65,
164,10/9/2025,11:49:28:832793,178,48.97,22.21,2.66,
165,10/9/2025,11:49:33:137791,175,48.88,22.2,2.67,
166,10/9/2025,11:49:36:412791,169,48.78,22.19,2.64,
167,10/9/2025,11:49:39:890791,166,48.62,22.18,2.67,
168,10/9/2025,11:49:44:398793,165,48.46,22.16,2.67,
169,10/9/2025,11:49:49:518791,166,48.35,22.14,2.67,
170,10/9/2025,11:49:53:206792,162,48.31,22.12,2.65,
171,10/9/2025,11:49:58:731794,165,48.32,22.1,2.65,
172,10/9/2025,11:50:02:835793,163,48.12,22.08,2.65,
173,10/9/2025,11:50:06:520791,159,47.96,22.06,2.66,
174,10/9/2025,11:50:10:610793,158,47.79,22.03,2.66,
175,10/9/2025,11:50:14:507791,155,47.71,22.01,2.66,
176,10/9/2025,11:50:17:985791,152,47.63,22,2.67,
177,10/9/2025,11:50:22:482811,152,47.61,21.99,2.66,
178,10/9/2025,11:50:27:204791,153,47.45,21.97,2.66,
179,10/9/2025,11:50:32:020793,156,47.28,21.93,2.64,
180,10/9/2025,11:50:37:140792,155,47.31,21.9,2.65,
181,10/9/2025,11:50:41:741793,155,47.33,21.88,2.67,
182,10/9/2025,11:50:45:848793,153,47.29,21.86,2.65,
183,10/9/2025,11:50:49:933791,151,47.26,21.84,2.67,
184,10/9/2025,11:50:54:060796,150,47.1,21.81,2.67,
185,10/9/2025,11:50:59:564791,153,47.01,21.78,2.67,
186,10/9/2025,11:51:04:274791,153,46.97,21.76,2.68,
187,10/9/2025,11:51:08:371793,151,47.07,21.75,2.66,
188,10/9/2025,11:51:15:280796,156,46.89,21.73,2.66,
189,10/9/2025,11:51:19:809796,155,46.74,21.72,2.65,
190,10/9/2025,11:51:31:301795,170,46.6,21.69,2.67,
191,10/9/2025,11:51:39:205791,176,46.58,21.66,2.68,
192,10/9/2025,11:51:45:149792,175,46.37,21.61,2.67,
193,10/9/2025,11:51:51:896791,175,46.09,21.57,2.66,
194,10/9/2025,11:52:02:396796,186,46,21.53,2.64,
195,10/9/2025,11:52:11:980796,192,45.84,21.5,2.67,
196,10/9/2025,11:52:17:366796,186,45.75,21.46,2.66,
197,10/9/2025,11:52:33:270791,205,45.55,21.41,2.67,
198,10/9/2025,11:52:40:237791,201,45.5,21.36,2.67,
199,10/9/2025,11:52:44:736794,189,45.38,21.32,2.67,
200,10/9/2025,11:52:50:471794,185,45.32,21.29,2.67,
201,10/9/2025,11:53:02:346793,197,45.3,21.26,2.66,
202,10/9/2025,11:53:09:312791,195,45.24,21.22,2.66,
203,10/9/2025,11:53:13:608793,185,45.03,21.2,2.68,
204,10/9/2025,11:53:18:521792,177,44.81,21.17,2.66,
205,10/9/2025,11:53:24:466791,175,44.67,21.16,2.66,
206,10/9/2025,11:53:29:173793,170,44.64,21.14,2.66,
207,10/9/2025,11:53:34:912792,171,44.57,21.13,2.66,
208,10/9/2025,11:53:44:941793,178,44.54,21.09,2.65,
209,10/9/2025,11:53:58:485786,194,44.78,21.05,2.67,
210,10/9/2025,11:54:05:221791,191,44.73,21.02,2.66,
211,10/9/2025,11:54:15:665791,196,44.38,20.98,2.67,
212,10/9/2025,11:54:23:447791,195,44.24,20.94,2.67,
213,10/9/2025,11:54:31:024792,192,44.12,20.9,2.66,
214,10/9/2025,11:54:39:625793,194,44.17,20.85,2.66,
215,10/9/2025,11:54:50:895793,201,44.12,20.81,2.66,
216,10/9/2025,11:54:58:080793,198,44.05,20.78,2.68,
217,10/9/2025,11:55:05:431791,195,43.97,20.75,2.66,
218,10/9/2025,11:55:12:636785,191,43.87,20.72,2.65,
219,10/9/2025,11:55:19:363791,187,43.74,20.72,2.67,
220,10/9/2025,11:55:25:718796,185,43.7,20.72,2.66,
221,10/9/2025,11:55:31:260796,178,43.59,20.71,2.66,
222,10/9/2025,11:55:36:368791,174,43.44,20.71,2.67,
223,10/9/2025,11:55:42:305794,170,43.29,20.7,2.66,
224,10/9/2025,11:55:48:926796,170,43.27,20.7,2.67,
225,10/9/2025,11:55:54:369779,168,43.16,20.68,2.67,
226,10/9/2025,11:56:00:806796,166,43.06,20.66,2.66,
227,10/9/2025,11:56:09:999786,172,42.93,20.63,2.66,
228,10/9/2025,11:56:16:506793,171,42.78,20.6,2.67,
229,10/9/2025,11:56:22:861791,169,42.71,20.57,2.66,
230,10/9/2025,11:56:31:486785,173,42.84,20.54,2.67,
231,10/9/2025,11:56:39:642793,175,43.03,20.5,2.66,
232,10/9/2025,11:56:49:101785,180,42.92,20.48,2.66,
233,10/9/2025,11:56:53:566794,170,42.83,20.46,2.66,
234,10/9/2025,11:56:59:303791,168,42.75,20.45,2.66,
235,10/9/2025,11:57:07:088791,169,42.73,20.42,2.66,
236,10/9/2025,11:57:14:663792,171,42.71,20.4,2.66,
237,10/9/2025,11:57:28:187791,183,42.69,20.36,2.64,
238,10/9/2025,11:57:37:398793,186,42.65,20.33,2.66,
239,10/9/2025,11:57:42:317793,176,42.64,20.31,2.66,
240,10/9/2025,11:57:55:867785,191,42.53,20.27,2.65,
241,10/9/2025,11:58:03:203792,188,42.57,20.26,2.66,
242,10/9/2025,11:58:12:038785,188,42.44,20.24,2.66,
243,10/9/2025,11:58:19:781795,186,42.27,20.22,2.66,
244,10/9/2025,11:58:24:100792,175,42.16,20.2,2.66,
245,10/9/2025,11:58:28:392793,166,42.13,20.2,2.65,
246,10/9/2025,11:58:33:311791,162,42.07,20.19,2.66,
247,10/9/2025,11:58:37:616792,156,42.01,20.18,2.66,
248,10/9/2025,11:58:42:117793,152,41.99,20.16,2.69,
249,10/9/2025,11:58:46:417793,148,42.01,20.15,2.66,
250,10/9/2025,11:58:51:542791,148,42.07,20.14,2.67,
251,10/9/2025,11:58:55:434791,142,42.06,20.13,2.66,
252,10/9/2025,11:58:59:531792,140,42.04,20.13,2.66,
253,10/9/2025,11:59:03:826793,137,41.93,20.13,2.69,
254,10/9/2025,11:59:08:747793,137,41.83,20.12,2.68,
255,10/9/2025,11:59:16:103792,143,41.78,20.1,2.66,
256,10/9/2025,11:59:20:414793,139,41.71,20.08,2.67,
257,10/9/2025,11:59:24:715793,136,41.65,20.05,2.64,
258,10/9/2025,11:59:30:644791,137,41.53,20.02,2.66,
259,10/9/2025,11:59:35:982793,138,41.51,19.98,2.65,
260,10/9/2025,11:59:44:379792,144,41.68,19.95,2.64,
261,10/9/2025,11:59:50:123791,144,41.65,19.93,2.65,
262,10/9/2025,11:59:54:208793,138,41.6,19.92,2.66,
263,10/9/2025,11:59:57:696794,135,41.57,19.92,2.66,
264,10/9/2025,12:00:01:593791,130,41.48,19.91,2.64,
265,10/9/2025,12:00:08:356796,135,41.48,19.9,2.65,
266,10/9/2025,12:00:15:157785,139,41.56,19.89,2.65,
267,10/9/2025,12:00:18:800796,134,41.55,19.88,2.68,
268,10/9/2025,12:00:22:677793,129,41.48,19.88,2.67,
269,10/9/2025,12:00:26:366794,126,41.38,19.87,2.65,
270,10/9/2025,12:00:31:807779,129,41.32,19.86,2.66,
271,10/9/2025,12:00:42:531795,141,41.52,19.86,2.66,
272,10/9/2025,12:00:46:441793,135,41.47,19.87,2.66,
273,10/9/2025,12:00:50:952794,133,41.36,19.87,2.67,
274,10/9/2025,12:00:54:639796,131,41.29,19.88,2.66,
275,10/9/2025,12:01:02:038785,133,41.27,19.88,2.64,
276,10/9/2025,12:01:11:981791,143,41.24,19.87,2.66,
277,10/9/2025,12:01:25:793786,155,41.2,19.84,2.65,
278,10/9/2025,12:01:33:530792,158,41.21,19.8,2.64,
279,10/9/2025,12:01:39:898793,157,41.35,19.79,2.65,
280,10/9/2025,12:01:47:673793,155,41.4,19.79,2.65,
281,10/9/2025,12:01:56:074793,159,41.24,19.81,2.66,
282,10/9/2025,12:02:04:063793,160,40.89,19.82,2.67,
283,10/9/2025,12:02:11:225792,158,40.7,19.82,2.66,
284,10/9/2025,12:02:18:192793,158,40.57,19.82,2.66,
285,10/9/2025,12:02:24:331791,155,40.45,19.8,2.65,
286,10/9/2025,12:02:34:164793,158,40.51,19.8,2.65,
287,10/9/2025,12:02:40:115791,157,40.47,19.79,2.67,
288,10/9/2025,12:02:51:198785,165,40.61,19.78,2.67,
289,10/9/2025,12:03:02:773781,172,40.72,19.77,2.68,
290,10/9/2025,12:03:15:359785,178,40.56,19.75,2.66,
291,10/9/2025,12:03:29:258791,189,40.42,19.74,2.65,
292,10/9/2025,12:03:41:600785,194,40.27,19.73,2.64,
293,10/9/2025,12:03:55:610782,201,40.09,19.72,2.67,
294,10/9/2025,12:03:59:788797,184,39.95,19.72,2.66,
295,10/9/2025,12:04:06:740794,179,39.84,19.72,2.67,
296,10/9/2025,12:04:12:483794,172,39.69,19.71,2.64,
297,10/9/2025,12:04:18:809792,167,39.67,19.71,2.64,
298,10/9/2025,12:04:26:499791,167,39.66,19.71,2.66,
299,10/9/2025,12:04:30:289792,157,39.64,19.71,2.66,
300,10/9/2025,12:04:34:587792,152,39.67,19.71,2.65,
301,10/9/2025,12:04:39:295793,147,39.59,19.7,2.67,
302,10/9/2025,12:04:48:723793,154,39.52,19.69,2.67,
303,10/9/2025,12:04:54:664793,152,39.51,19.69,2.67,
304,10/9/2025,12:04:59:799794,148,39.49,19.68,2.66,
305,10/9/2025,12:05:06:958793,149,39.6,19.67,2.64,
306,10/9/2025,12:05:13:528790,149,39.46,19.66,2.64,
307,10/9/2025,12:05:21:498792,151,39.38,19.64,2.66,
308,10/9/2025,12:05:28:483785,150,39.21,19.62,2.66,
309,10/9/2025,12:05:38:106786,156,39.2,19.58,2.64,
310,10/9/2025,12:05:48:972790,163,39.5,19.55,2.66,
311,10/9/2025,12:05:55:497793,159,39.49,19.54,2.65,
312,10/9/2025,12:05:59:790791,152,39.39,19.53,2.66,
313,10/9/2025,12:06:06:384785,150,39.36,19.53,2.66,
314,10/9/2025,12:06:13:974786,152,39.31,19.52,2.67,
315,10/9/2025,12:06:19:723796,149,39.45,19.51,2.66,
316,10/9/2025,12:06:30:657790,157,39.29,19.5,2.67,
317,10/9/2025,12:06:36:099777,152,39.04,19.48,2.66,
318,10/9/2025,12:06:41:540791,148,39.02,19.47,2.65,
319,10/9/2025,12:06:46:981777,145,38.96,19.45,2.64,
320,10/9/2025,12:06:52:422777,142,38.93,19.45,2.66,
321,10/9/2025,12:07:01:033791,146,39.06,19.46,2.65,
322,10/9/2025,12:07:07:172792,146,38.96,19.45,2.66,
323,10/9/2025,12:07:11:472792,140,38.8,19.45,2.66,
324,10/9/2025,12:07:15:979791,136,38.73,19.45,2.66,
325,10/9/2025,12:07:26:970782,145,38.79,19.45,2.65,
326,10/9/2025,12:07:44:380790,163,38.71,19.43,2.67,
327,10/9/2025,12:08:00:448786,177,38.66,19.43,2.66,
328,10/9/2025,12:08:12:890778,182,38.55,19.42,2.67,
329,10/9/2025,12:08:26:415794,188,38.59,19.39,2.66,
330,10/9/2025,12:08:32:574793,178,38.54,19.37,2.67,
331,10/9/2025,12:08:38:720793,170,38.46,19.36,2.66,
332,10/9/2025,12:08:44:252793,164,38.47,19.35,2.66,
333,10/9/2025,12:08:49:780793,158,38.43,19.34,2.65,
334,10/9/2025,12:08:55:315792,153,38.24,19.31,2.65,
335,10/9/2025,12:08:59:800794,147,38.24,19.3,2.67,
336,10/9/2025,12:09:10:267791,154,38.48,19.28,2.67,
337,10/9/2025,12:09:14:983792,148,38.44,19.28,2.67,
338,10/9/2025,12:09:22:355805,149,38.43,19.28,2.65,
339,10/9/2025,12:09:28:080793,146,38.37,19.28,2.66,
340,10/9/2025,12:09:37:502791,150,38.35,19.29,2.67,
341,10/9/2025,12:09:42:010793,145,38.22,19.29,2.66,
342,10/9/2025,12:09:48:764791,145,38.18,19.29,2.65,
343,10/9/2025,12:09:57:982792,149,38.23,19.28,2.66,
344,10/9/2025,12:10:11:087793,159,38.17,19.27,2.64,
345,10/9/2025,12:10:16:639791,154,38.13,19.27,2.66,
346,10/9/2025,12:10:22:347790,150,38.13,19.27,2.67,
347,10/9/2025,12:10:27:883793,146,38.05,19.28,2.67,DOOR CLOSE AC ON ENDS
348,10/9/2025,12:10:35:678794,147,37.93,19.26,2.66,DOOR OPEN AC OFF STARTS
349,10/9/2025,12:10:42:829793,146,37.92,19.24,2.66,
350,10/9/2025,12:10:48:568791,145,38.38,19.26,2.65,
351,10/9/2025,12:10:54:713792,146,39.61,19.3,2.68,
352,10/9/2025,12:11:02:700793,148,39.94,19.36,2.64,
353,10/9/2025,12:11:09:051802,147,39.42,19.42,2.65,
354,10/9/2025,12:11:14:374793,143,39.21,19.49,2.65,
355,10/9/2025,12:11:21:545791,144,39.32,19.56,2.66,
356,10/9/2025,12:11:27:886791,147,40.13,19.65,2.66,
357,10/9/2025,12:11:41:206792,164,44.66,19.79,2.66,
358,10/9/2025,12:11:46:542793,163,46.37,19.93,2.66,
359,10/9/2025,12:11:52:257792,166,48.03,20.07,2.65,
360,10/9/2025,12:11:57:187793,166,50.17,20.21,2.68,
361,10/9/2025,12:12:04:758791,173,51.35,20.35,2.67,
362,10/9/2025,12:12:11:941793,182,53.08,20.51,2.66,
363,10/9/2025,12:12:22:918790,201,56.92,20.69,2.66,
364,10/9/2025,12:12:31:168793,218,58.95,20.87,2.65,
365,10/9/2025,12:12:36:297793,215,59.09,21.03,2.67,
366,10/9/2025,12:12:44:694792,227,60.15,21.2,2.66,
367,10/9/2025,12:12:56:299790,251,61.64,21.37,2.67,
368,10/9/2025,12:13:08:655792,277,63.57,21.56,2.66,
369,10/9/2025,12:13:19:511792,294,64.1,21.75,2.66,
370,10/9/2025,12:13:24:018793,283,64.6,21.91,2.66,
371,10/9/2025,12:13:30:981791,285,65.03,22.05,2.67,
372,10/9/2025,12:13:39:828785,294,65.25,22.19,2.66,
373,10/9/2025,12:13:46:955792,297,66.07,22.32,2.67,
374,10/9/2025,12:13:53:712791,298,67.01,22.44,2.66,
375,10/9/2025,12:14:00:467794,300,67.49,22.56,2.65,
376,10/9/2025,12:14:10:119786,312,67.13,22.67,2.67,
377,10/9/2025,12:14:18:904792,322,66.95,22.77,2.66,
378,10/9/2025,12:14:25:055793,317,67.13,22.87,2.65,
379,10/9/2025,12:14:31:808793,316,67.69,22.97,2.66,
380,10/9/2025,12:14:40:203793,324,68.1,23.06,2.67,
381,10/9/2025,12:14:47:414785,325,68.1,23.14,2.64,
382,10/9/2025,12:14:56:998791,339,68.39,23.23,2.67,
383,10/9/2025,12:15:05:197793,342,68.7,23.32,2.67,
384,10/9/2025,12:15:09:700791,327,68.69,23.39,2.67,
385,10/9/2025,12:15:17:275791,331,68.9,23.46,2.65,
386,10/9/2025,12:15:23:210791,326,68.29,23.53,2.65,
387,10/9/2025,12:15:31:195791,333,68.81,23.59,2.65,
388,10/9/2025,12:15:35:703791,319,68.64,23.65,2.66,
389,10/9/2025,12:15:39:800791,306,68.49,23.7,2.66,
390,10/9/2025,12:15:44:099794,295,68.38,23.75,2.66,
391,10/9/2025,12:15:51:682792,306,68.49,23.8,2.67,
392,10/9/2025,12:16:00:676795,323,68.48,23.85,2.66,
393,10/9/2025,12:16:09:727785,336,69.08,23.9,2.66,
394,10/9/2025,12:16:14:005791,324,69.16,23.96,2.64,
395,10/9/2025,12:16:22:230785,333,69.21,24,2.65,
396,10/9/2025,12:16:29:362792,335,69.07,24.05,2.67,
397,10/9/2025,12:16:36:119793,335,69.09,24.09,2.65,
398,10/9/2025,12:16:44:318793,342,69.41,24.13,2.67,
399,10/9/2025,12:16:50:457792,339,69.38,24.18,2.67,
400,10/9/2025,12:16:55:770793,330,69.11,24.22,2.67,
401,10/9/2025,12:17:00:286791,321,68.93,24.26,2.68,
402,10/9/2025,12:17:05:406791,313,68.86,24.29,2.66,
403,10/9/2025,12:17:11:756792,316,68.99,24.32,2.66,
404,10/9/2025,12:17:18:723792,322,69.09,24.35,2.65,
405,10/9/2025,12:17:25:888793,327,69.29,24.38,2.67,
406,10/9/2025,12:17:31:830791,326,69.38,24.41,2.68,
407,10/9/2025,12:17:36:336792,315,69.25,24.44,2.67,
408,10/9/2025,12:17:43:296793,321,69.63,24.47,2.66,
409,10/9/2025,12:17:52:932791,341,69.76,24.49,2.64,
410,10/9/2025,12:17:58:455791,335,69.55,24.52,2.67,
411,10/9/2025,12:18:02:754793,322,69.39,24.55,2.66,
412,10/9/2025,12:18:07:665793,315,69.23,24.57,2.67,
413,10/9/2025,12:18:13:403792,315,68.98,24.59,2.67,
414,10/9/2025,12:18:17:701792,306,68.79,24.62,2.67,
415,10/9/2025,12:18:22:419791,301,69.02,24.65,2.67,
416,10/9/2025,12:18:26:718792,294,69.32,24.68,2.66,
417,10/9/2025,12:18:32:866793,300,69.32,24.7,2.66,
418,10/9/2025,12:18:37:771791,299,69.34,24.72,2.68,
419,10/9/2025,12:18:42:080793,293,69.29,24.74,2.66,
420,10/9/2025,12:18:47:201791,293,69.44,24.75,2.66,
421,10/9/2025,12:18:51:498791,289,69.42,24.77,2.66,
422,10/9/2025,12:18:59:882796,307,69.6,24.79,2.66,
423,10/9/2025,12:19:03:989791,299,69.38,24.81,2.65,
424,10/9/2025,12:19:09:112791,298,69.23,24.83,2.67,
425,10/9/2025,12:19:13:616791,293,69.17,24.84,2.66,
426,10/9/2025,12:19:18:314793,290,69.07,24.86,2.67,
427,10/9/2025,12:19:22:428805,285,69.12,24.87,2.67,
428,10/9/2025,12:19:27:548794,286,69.37,24.89,2.66,
429,10/9/2025,12:19:32:265794,285,69.49,24.9,2.66,
430,10/9/2025,12:19:36:965793,285,69.54,24.91,2.66,
431,10/9/2025,12:19:42:919794,291,69.69,24.92,2.68,
432,10/9/2025,12:19:47:011791,285,69.55,24.94,2.66,
433,10/9/2025,12:19:54:668792,301,69.62,24.95,2.65,
434,10/9/2025,12:20:05:983779,332,69.75,24.96,2.67,
435,10/9/2025,12:20:16:499794,354,70.04,24.98,2.66,
436,10/9/2025,12:20:21:440791,344,70.02,25,2.66,
437,10/9/2025,12:20:26:883777,336,69.99,25.01,2.67,
438,10/9/2025,12:20:42:016817,384,70.4,25.03,2.66,
439,10/9/2025,12:20:53:847786,406,70.45,25.04,2.67,
440,10/9/2025,12:20:59:492794,388,70.1,25.06,2.67,
441,10/9/2025,12:21:03:598791,364,69.9,25.07,2.66,
442,10/9/2025,12:21:12:200792,373,70.24,25.09,2.66,
443,10/9/2025,12:21:17:944801,364,70.3,25.1,2.67,
444,10/9/2025,12:21:29:121790,387,70.48,25.12,2.66,
445,10/9/2025,12:21:34:563774,376,70.37,25.14,2.67,
446,10/9/2025,12:21:47:962795,408,70.43,25.15,2.66,
447,10/9/2025,12:21:52:603795,386,70.23,25.17,2.66,
448,10/9/2025,12:22:06:232812,418,70.47,25.19,2.66,
449,10/9/2025,12:22:10:577794,393,70.19,25.21,2.66,
450,10/9/2025,12:22:14:882791,370,70.02,25.23,2.66,
451,10/9/2025,12:22:20:814791,366,70.01,25.25,2.66,
452,10/9/2025,12:22:24:905791,348,69.91,25.26,2.64,
453,10/9/2025,12:22:28:805793,334,69.89,25.27,2.66,
454,10/9/2025,12:22:33:523803,325,69.98,25.29,2.66,
455,10/9/2025,12:22:41:295791,339,70.28,25.29,2.65,
456,10/9/2025,12:22:46:002791,330,70.26,25.3,2.66,
457,10/9/2025,12:22:50:714793,325,70.27,25.32,2.66,
458,10/9/2025,12:22:55:011792,315,70.21,25.33,2.66,
459,10/9/2025,12:22:59:324793,308,70.26,25.34,2.66,
460,10/9/2025,12:23:04:236793,307,70.27,25.35,2.65,
461,10/9/2025,12:23:09:351791,308,70.32,25.36,2.66,
462,10/9/2025,12:23:15:083791,310,70.45,25.37,2.66,
463,10/9/2025,12:23:19:624794,308,70.46,25.38,2.69,
464,10/9/2025,12:23:23:483792,298,70.41,25.4,2.66,
465,10/9/2025,12:23:28:587793,299,70.49,25.41,2.67,
466,10/9/2025,12:23:33:912794,301,70.52,25.43,2.66,
467,10/9/2025,12:23:38:840793,300,70.56,25.44,2.66,
468,10/9/2025,12:23:44:887791,308,70.64,25.45,2.69,
469,10/9/2025,12:23:48:877792,298,70.52,25.46,2.68,
470,10/9/2025,12:23:54:208794,301,70.55,25.47,2.66,
471,10/9/2025,12:23:58:090791,293,70.39,25.48,2.67,
472,10/9/2025,12:24:02:380792,289,70.27,25.49,2.64,
473,10/9/2025,12:24:06:289792,283,70.15,25.5,2.66,
474,10/9/2025,12:24:12:632793,293,70.33,25.5,2.65,
475,10/9/2025,12:24:17:139792,291,70.28,25.52,2.64,
476,10/9/2025,12:24:21:204806,287,70.23,25.53,2.65,
477,10/9/2025,12:24:26:354791,288,70.27,25.53,2.66,
478,10/9/2025,12:24:30:047793,282,70.24,25.54,2.66,
479,10/9/2025,12:24:35:570791,286,70.24,25.55,2.64,
480,10/9/2025,12:24:40:080792,286,70.19,25.56,2.65,
481,10/9/2025,12:24:44:177792,281,70.2,25.56,2.65,
482,10/9/2025,12:24:50:526791,291,70.44,25.56,2.68,
483,10/9/2025,12:24:55:027794,289,70.5,25.56,2.67,
484,10/9/2025,12:24:59:128793,283,70.5,25.56,2.65,
485,10/9/2025,12:25:03:018791,279,70.47,25.57,2.66,
486,10/9/2025,12:25:07:320792,276,70.47,25.57,2.66,
487,10/9/2025,12:25:11:615792,274,70.49,25.57,2.66,
488,10/9/2025,12:25:17:772793,286,70.71,25.58,2.67,
489,10/9/2025,12:25:25:132792,300,70.9,25.58,2.66,
490,10/9/2025,12:25:30:264792,301,70.75,25.58,2.64,
491,10/9/2025,12:25:35:783791,302,70.77,25.59,2.66,
492,10/9/2025,12:25:42:133793,309,70.87,25.59,2.65,
493,10/9/2025,12:25:46:642793,303,70.85,25.59,2.64,
494,10/9/2025,12:25:52:789792,308,70.97,25.6,2.65,
495,10/9/2025,12:26:00:568793,323,71.16,25.61,2.65,
496,10/9/2025,12:26:04:661793,314,71.1,25.62,2.66,
497,10/9/2025,12:26:08:762791,304,71.04,25.63,2.67,
498,10/9/2025,12:26:12:866793,296,71.01,25.65,2.66,
499,10/9/2025,12:26:16:963791,291,70.97,25.66,2.66,
500,10/9/2025,12:26:22:279793,295,71.02,25.66,2.65,
501,10/9/2025,12:26:26:170792,288,70.86,25.67,2.65,
502,10/9/2025,12:26:30:062793,282,70.8,25.68,2.67,
503,10/9/2025,12:26:33:953792,276,70.77,25.69,2.67,
504,10/9/2025,12:26:40:098793,288,70.95,25.69,2.68,
505,10/9/2025,12:26:44:392792,284,70.92,25.7,2.66,
506,10/9/2025,12:26:48:088793,278,70.86,25.71,2.65,
507,10/9/2025,12:26:52:596791,276,70.87,25.71,2.64,
508,10/9/2025,12:26:57:088792,278,70.85,25.72,2.67,
509,10/9/2025,12:27:01:193792,275,70.81,25.72,2.66,
510,10/9/2025,12:27:04:871794,270,70.72,25.73,2.67,
511,10/9/2025,12:27:08:769791,267,70.7,25.73,2.64,
512,10/9/2025,12:27:13:073791,268,70.74,25.73,2.64,
513,10/9/2025,12:27:17:987793,271,70.86,25.73,2.66,
514,10/9/2025,12:27:24:114792,280,71.05,25.72,2.66,
515,10/9/2025,12:27:28:223792,277,71.01,25.72,2.65,
516,10/9/2025,12:27:32:115792,274,70.99,25.72,2.67,
517,10/9/2025,12:27:36:199793,271,71.02,25.72,2.67,
518,10/9/2025,12:27:40:515791,270,71.03,25.72,2.67,
519,10/9/2025,12:27:44:811793,270,71.03,25.72,2.66,
520,10/9/2025,12:27:49:939792,274,71.17,25.72,2.64,
521,10/9/2025,12:27:54:233792,273,71.2,25.72,2.64,
522,10/9/2025,12:27:57:923792,268,71.16,25.73,2.66,
523,10/9/2025,12:28:02:626792,271,71.19,25.73,2.66,
524,10/9/2025,12:28:09:399793,284,71.36,25.73,2.64,
525,10/9/2025,12:28:13:691793,280,71.37,25.73,2.66,
526,10/9/2025,12:28:20:231796,293,71.5,25.74,2.65,
527,10/9/2025,12:28:25:173794,293,71.47,25.74,2.66,
528,10/9/2025,12:28:29:463791,287,71.46,25.74,2.66,
529,10/9/2025,12:28:34:376793,290,71.46,25.75,2.67,
530,10/9/2025,12:28:39:904791,294,71.47,25.76,2.66,
531,10/9/2025,12:28:44:620793,292,71.38,25.77,2.67,
532,10/9/2025,12:28:49:313794,288,71.34,25.79,2.66,
533,10/9/2025,12:28:53:840792,286,71.31,25.8,2.65,
534,10/9/2025,12:28:58:340793,286,71.31,25.81,2.64,
535,10/9/2025,12:29:03:862792,290,71.41,25.82,2.66,
536,10/9/2025,12:29:08:996793,292,71.46,25.83,2.65,
537,10/9/2025,12:29:15:782786,303,71.75,25.84,2.66,
538,10/9/2025,12:29:20:867793,304,71.68,25.85,2.66,
539,10/9/2025,12:29:24:966791,297,71.57,25.86,2.66,
540,10/9/2025,12:29:29:476791,292,71.51,25.87,2.65,
541,10/9/2025,12:29:36:469786,305,71.57,25.88,2.67,
542,10/9/2025,12:29:41:146793,301,71.49,25.89,2.66,
543,10/9/2025,12:29:46:267792,301,71.49,25.9,2.67,
544,10/9/2025,12:29:50:568793,295,71.41,25.91,2.66,
545,10/9/2025,12:29:54:646792,290,71.4,25.91,2.67,
546,10/9/2025,12:29:59:165791,290,71.44,25.92,2.66,
547,10/9/2025,12:30:03:248793,285,71.43,25.92,2.66,
548,10/9/2025,12:30:07:153791,278,71.42,25.93,2.65,
549,10/9/2025,12:30:11:247792,276,71.45,25.93,2.65,
550,10/9/2025,12:30:15:148792,273,71.48,25.94,2.67,
551,10/9/2025,12:30:20:677793,281,71.66,25.95,2.67,
552,10/9/2025,12:30:25:793793,284,71.7,25.95,2.67,
553,10/9/2025,12:30:29:681792,279,71.6,25.96,2.65,
554,10/9/2025,12:30:34:180795,279,71.52,25.97,2.66,
555,10/9/2025,12:30:39:923792,287,71.61,25.97,2.67,
556,10/9/2025,12:30:44:230792,282,71.58,25.97,2.66,
557,10/9/2025,12:30:51:705793,300,71.87,25.97,2.65,
558,10/9/2025,12:30:55:694792,293,71.84,25.98,2.66,
559,10/9/2025,12:31:00:635792,294,71.95,25.98,2.64,
560,10/9/2025,12:31:06:357791,300,72.03,25.99,2.66,
561,10/9/2025,12:31:12:286793,305,72.1,25.99,2.67,
562,10/9/2025,12:31:16:988794,302,71.98,25.99,2.67,
563,10/9/2025,12:31:22:099793,301,71.92,25.99,2.66,
564,10/9/2025,12:31:26:412792,295,71.86,25.99,2.66,
565,10/9/2025,12:31:33:791793,311,71.9,25.99,2.65,
566,10/9/2025,12:31:38:290793,306,71.87,26,2.68,
567,10/9/2025,12:31:43:830793,308,71.95,26,2.64,
568,10/9/2025,12:31:50:785793,318,72.15,26.01,2.65,
569,10/9/2025,12:31:56:118791,317,72.16,26.01,2.65,
570,10/9/2025,12:32:02:669791,325,72.2,26.02,2.66,
571,10/9/2025,12:32:07:984791,321,72.12,26.02,2.66,
572,10/9/2025,12:32:12:903792,318,71.97,26.03,2.66,
573,10/9/2025,12:32:19:055792,321,72.03,26.04,2.66,
574,10/9/2025,12:32:24:990792,324,72.07,26.04,2.65,
575,10/9/2025,12:32:31:335793,327,72.18,26.04,2.68,
576,10/9/2025,12:32:36:664793,326,72.21,26.05,2.67,
577,10/9/2025,12:32:49:082790,365,72.48,26.05,2.66,
578,10/9/2025,12:33:04:720793,417,72.78,26.05,2.66,
579,10/9/2025,12:33:11:067793,405,72.7,26.06,2.65,
580,10/9/2025,12:33:18:223795,398,72.79,26.06,2.67,
581,10/9/2025,12:33:22:337793,375,72.68,26.07,2.66,
582,10/9/2025,12:33:29:528785,375,72.64,26.08,2.67,
583,10/9/2025,12:33:44:802790,426,72.74,26.09,2.66,
584,10/9/2025,12:33:50:395793,409,72.68,26.09,2.66,
585,10/9/2025,12:33:55:313791,389,72.58,26.1,2.66,
586,10/9/2025,12:33:59:405792,366,72.41,26.11,2.67,
587,10/9/2025,12:34:05:764795,367,72.43,26.12,2.66,
588,10/9/2025,12:34:10:054794,353,72.38,26.13,2.67,
589,10/9/2025,12:34:15:997791,350,72.48,26.13,2.66,
590,10/9/2025,12:34:29:713794,400,72.93,26.14,2.65,
591,10/9/2025,12:34:33:202791,373,72.73,26.15,2.67,
592,10/9/2025,12:34:37:097792,355,72.68,26.16,2.66,
593,10/9/2025,12:34:50:400792,399,73.06,26.16,2.65,
594,10/9/2025,12:34:55:116791,383,72.87,26.16,2.66,
595,10/9/2025,12:35:01:933785,381,72.84,26.16,2.67,
596,10/9/2025,12:35:06:195796,365,72.67,26.17,2.64,
597,10/9/2025,12:35:11:905792,359,72.63,26.18,2.67,
598,10/9/2025,12:35:17:848792,359,72.55,26.19,2.67,
599,10/9/2025,12:35:23:370794,354,72.43,26.19,2.67,
600,10/9/2025,12:35:31:606785,366,72.58,26.2,2.65,
601,10/9/2025,12:35:37:105791,361,72.57,26.21,2.65,
602,10/9/2025,12:35:45:502794,375,72.81,26.21,2.65,
603,10/9/2025,12:36:00:202779,425,73.07,26.21,2.66,
604,10/9/2025,12:36:14:576794,475,73.35,26.21,2.66,
605,10/9/2025,12:36:19:083791,440,73.3,26.22,2.66,
606,10/9/2025,12:36:22:971791,399,73.23,26.23,2.67,
607,10/9/2025,12:36:26:658791,376,73.16,26.23,2.66,
608,10/9/2025,12:36:36:294791,396,73.47,26.24,2.66,
609,10/9/2025,12:36:43:048794,393,73.35,26.24,2.64,
610,10/9/2025,12:36:46:525791,368,73.17,26.25,2.65,
611,10/9/2025,12:36:51:236791,359,73.13,26.26,2.67,
612,10/9/2025,12:36:55:137791,346,73.11,26.27,2.65,
613,10/9/2025,12:37:01:883792,352,73.34,26.27,2.67,
614,10/9/2025,12:37:07:828793,353,73.35,26.28,2.67,
615,10/9/2025,12:37:12:133792,344,73.27,26.29,2.67,
616,10/9/2025,12:37:17:865792,344,73.28,26.29,2.68,
617,10/9/2025,12:37:22:572792,338,73.21,26.3,2.66,
618,10/9/2025,12:37:28:928794,345,73.28,26.3,2.66,
619,10/9/2025,12:37:33:640791,338,73.22,26.31,2.65,
620,10/9/2025,12:37:38:755793,335,73.2,26.31,2.67,
621,10/9/2025,12:37:43:053791,328,73.13,26.32,2.68,
622,10/9/2025,12:37:48:584791,329,73.2,26.33,2.67,
623,10/9/2025,12:37:52:881793,323,73.14,26.33,2.66,
624,10/9/2025,12:37:57:785795,321,73.12,26.34,2.64,
625,10/9/2025,12:38:01:898793,315,73.03,26.34,2.67,
626,10/9/2025,12:38:05:987792,308,72.95,26.35,2.66,
627,10/9/2025,12:38:10:293791,305,72.9,26.35,2.67,
628,10/9/2025,12:38:14:256793,299,72.82,26.36,2.67,
629,10/9/2025,12:38:18:481793,296,72.8,26.36,2.67,
630,10/9/2025,12:38:22:376793,293,72.85,26.37,2.67,
631,10/9/2025,12:38:26:678793,293,72.92,26.37,2.66,
632,10/9/2025,12:38:34:675794,313,73.29,26.37,2.66,
633,10/9/2025,12:38:41:472786,326,73.34,26.37,2.68,
634,10/9/2025,12:38:46:916788,326,73.29,26.37,2.66,
635,10/9/2025,12:38:54:739794,340,73.43,26.38,2.66,
636,10/9/2025,12:38:59:053796,331,73.31,26.38,2.66,
637,10/9/2025,12:39:03:955793,328,73.29,26.39,2.66,
638,10/9/2025,12:39:08:046793,319,73.22,26.39,2.65,
639,10/9/2025,12:39:14:189791,325,73.36,26.39,2.67,
640,10/9/2025,12:39:18:699791,320,73.29,26.4,2.66,
641,10/9/2025,12:39:27:507793,342,73.61,26.39,2.67,
642,10/9/2025,12:39:31:596793,332,73.51,26.39,2.67,
643,10/9/2025,12:39:37:535792,334,73.59,26.39,2.66,
644,10/9/2025,12:39:43:056793,336,73.65,26.39,2.66,
645,10/9/2025,12:39:46:969791,323,73.57,26.4,2.66,
646,10/9/2025,12:39:50:860791,313,73.55,26.4,2.68,
647,10/9/2025,12:39:55:548796,312,73.65,26.41,2.66,
648,10/9/2025,12:40:00:275791,312,73.73,26.42,2.65,
649,10/9/2025,12:40:04:173794,305,73.71,26.43,2.67,
650,10/9/2025,12:40:08:474791,301,73.72,26.44,2.66,
651,10/9/2025,12:40:13:778792,306,73.81,26.44,2.66,
652,10/9/2025,12:40:20:959791,322,73.91,26.45,2.67,DOOR OPEN AC OFF ENDS
